-- ============================================
-- 数据库数据脚本（DML）
-- 导出时间: 2025-12-23 14:28:14
-- ============================================


-- 表: users
TRUNCATE TABLE users CASCADE;

INSERT INTO "users" ("id", "username", "email", "hashed_password", "full_name", "is_active", "is_superuser", "created_at", "updated_at") VALUES (1, 'admin', 'admin@datareg.com', '$2b$12$WCNt72GyUc94uZuILQ4dkejbUTjwmM8riq4YDxUFJF3CU3e/ou8te', '系统管理员', TRUE, TRUE, '2025-12-22T23:27:45.585674+08:00', NULL);
INSERT INTO "users" ("id", "username", "email", "hashed_password", "full_name", "is_active", "is_superuser", "created_at", "updated_at") VALUES (3, 'testuser', 'test@example.com', '$2b$12$dVwtuhi.QjvZV1JhZqwTf.ntRtc1/e0H4Eh5B.NuB8jonAd.SiMru', '测试用户', TRUE, FALSE, '2025-12-23T00:24:51.049573+08:00', NULL);
INSERT INTO "users" ("id", "username", "email", "hashed_password", "full_name", "is_active", "is_superuser", "created_at", "updated_at") VALUES (4, 'newuser', 'newuser@example.com', '$2b$12$/KJb0gay6qLblFzmTSE6u.AAxr93T0fOPGBOdy4AlCaUk.U35tFGS', '更新后的用户', TRUE, FALSE, '2025-12-23T00:27:38.993713+08:00', '2025-12-23T00:27:39.197004+08:00');
INSERT INTO "users" ("id", "username", "email", "hashed_password", "full_name", "is_active", "is_superuser", "created_at", "updated_at") VALUES (2, 'test', 'test@datareg.com', '$2b$12$ZSWz7hcM0gIJzOBu25Gusu4LMbBnNIY08Mf5f3luitKPpYYzvYzia', '更新后的测试用户', TRUE, FALSE, '2025-12-22T23:27:45.585674+08:00', '2025-12-23T00:30:18.216197+08:00');

-- 表: roles
TRUNCATE TABLE roles CASCADE;

INSERT INTO "roles" ("id", "name", "description", "permissions", "created_at") VALUES (1, '管理员', '系统管理员，拥有所有权限', '["*"]', '2025-12-22T23:49:58.057786+08:00');
INSERT INTO "roles" ("id", "name", "description", "permissions", "created_at") VALUES (2, '合规专员', '负责数据合规审查和风险评估', '["data_asset:read", "scenario:read", "scenario:approve", "risk:read", "risk:write", "risk:calculate", "approval:read", "approval:approve", "approval:reject", "audit:read"]', '2025-12-22T23:49:58.057786+08:00');
INSERT INTO "roles" ("id", "name", "description", "permissions", "created_at") VALUES (3, '数据管理员', '负责数据资产管理和维护', '["data_asset:read", "data_asset:write", "data_asset:scan", "data_asset:export", "scenario:read", "scenario:write", "risk:read", "approval:read", "approval:write"]', '2025-12-22T23:49:58.057786+08:00');
INSERT INTO "roles" ("id", "name", "description", "permissions", "created_at") VALUES (4, '审计员', '负责审计日志查看和导出', '["audit:read", "audit:export", "data_asset:read", "scenario:read", "approval:read"]', '2025-12-22T23:49:58.057786+08:00');
INSERT INTO "roles" ("id", "name", "description", "permissions", "created_at") VALUES (5, '普通用户', '普通用户，只能查看', '["data_asset:read", "scenario:read", "risk:read", "approval:read", "dashboard:read"]', '2025-12-22T23:49:58.057786+08:00');

-- 表: user_role
TRUNCATE TABLE user_role CASCADE;

INSERT INTO "user_role" ("user_id", "role_id") VALUES (1, 1);
INSERT INTO "user_role" ("user_id", "role_id") VALUES (2, 3);
INSERT INTO "user_role" ("user_id", "role_id") VALUES (2, 2);
INSERT INTO "user_role" ("user_id", "role_id") VALUES (2, 4);

-- 表: data_classifications
TRUNCATE TABLE data_classifications CASCADE;

INSERT INTO "data_classifications" ("id", "category_name", "category_code", "parent_id", "level", "description", "created_at") VALUES (1, '客户信息', 'CUST_INFO', NULL, 1, '客户相关数据', '2025-12-22T23:36:48.069003+08:00');
INSERT INTO "data_classifications" ("id", "category_name", "category_code", "parent_id", "level", "description", "created_at") VALUES (2, '交易数据', 'TRAN_DATA', NULL, 1, '交易相关数据', '2025-12-22T23:36:48.069003+08:00');
INSERT INTO "data_classifications" ("id", "category_name", "category_code", "parent_id", "level", "description", "created_at") VALUES (3, '风险数据', 'RISK_DATA', NULL, 1, '风险相关数据', '2025-12-22T23:36:48.069003+08:00');
INSERT INTO "data_classifications" ("id", "category_name", "category_code", "parent_id", "level", "description", "created_at") VALUES (4, '财务数据', 'FIN_DATA', NULL, 1, '财务相关数据', '2025-12-22T23:36:48.069003+08:00');
INSERT INTO "data_classifications" ("id", "category_name", "category_code", "parent_id", "level", "description", "created_at") VALUES (5, '产品数据', 'PROD_DATA', NULL, 1, '产品相关数据', '2025-12-23T14:10:27.088820+08:00');
INSERT INTO "data_classifications" ("id", "category_name", "category_code", "parent_id", "level", "description", "created_at") VALUES (6, '运营数据', 'OPS_DATA', NULL, 1, '运营相关数据', '2025-12-23T14:10:27.088820+08:00');

-- 表: sensitive_tags
TRUNCATE TABLE sensitive_tags CASCADE;

INSERT INTO "sensitive_tags" ("id", "tag_name", "tag_code", "tag_type", "detection_rule", "risk_level", "description", "is_active", "created_at", "updated_at") VALUES (1, '身份证号', 'ID_CARD', 'PII', 'ID_NO|IDNO|身份证', '高', '身份证号码标识', TRUE, '2025-12-22T23:36:48.087748+08:00', NULL);
INSERT INTO "sensitive_tags" ("id", "tag_name", "tag_code", "tag_type", "detection_rule", "risk_level", "description", "is_active", "created_at", "updated_at") VALUES (2, '手机号', 'MOBILE', 'PII', 'MOB_NO|MOBILE|手机', '高', '手机号码标识', TRUE, '2025-12-22T23:36:48.087748+08:00', NULL);
INSERT INTO "sensitive_tags" ("id", "tag_name", "tag_code", "tag_type", "detection_rule", "risk_level", "description", "is_active", "created_at", "updated_at") VALUES (3, '银行卡号', 'BANK_CARD', 'PII', 'CARD_NO|ACCT_NO|银行卡', '高', '银行卡号标识', TRUE, '2025-12-22T23:36:48.087748+08:00', NULL);
INSERT INTO "sensitive_tags" ("id", "tag_name", "tag_code", "tag_type", "detection_rule", "risk_level", "description", "is_active", "created_at", "updated_at") VALUES (4, '信贷总量', 'CREDIT_TOTAL', '重要数据', '信贷总量|CREDIT_TOTAL', '中', '信贷总量数据', TRUE, '2025-12-22T23:36:48.087748+08:00', NULL);
INSERT INTO "sensitive_tags" ("id", "tag_name", "tag_code", "tag_type", "detection_rule", "risk_level", "description", "is_active", "created_at", "updated_at") VALUES (5, '邮箱', 'EMAIL', 'PII', 'EMAIL|邮箱', '中', '邮箱地址标识', TRUE, '2025-12-23T14:10:27.103739+08:00', NULL);
INSERT INTO "sensitive_tags" ("id", "tag_name", "tag_code", "tag_type", "detection_rule", "risk_level", "description", "is_active", "created_at", "updated_at") VALUES (6, '姓名', 'NAME', 'PII', 'CUST_NM|NAME|姓名', '中', '客户姓名标识', TRUE, '2025-12-23T14:10:27.103739+08:00', NULL);
INSERT INTO "sensitive_tags" ("id", "tag_name", "tag_code", "tag_type", "detection_rule", "risk_level", "description", "is_active", "created_at", "updated_at") VALUES (7, '账户余额', 'ACCT_BAL', '重要数据', 'ACCT_BAL|账户余额', '中', '账户余额数据', TRUE, '2025-12-23T14:10:27.103739+08:00', NULL);
INSERT INTO "sensitive_tags" ("id", "tag_name", "tag_code", "tag_type", "detection_rule", "risk_level", "description", "is_active", "created_at", "updated_at") VALUES (8, '交易金额', 'TRAN_AMT', '重要数据', 'TRAN_AMT|交易金额', '低', '交易金额数据', TRUE, '2025-12-23T14:10:27.103739+08:00', NULL);

-- 表: data_assets
TRUNCATE TABLE data_assets CASCADE;

INSERT INTO "data_assets" ("id", "asset_name", "asset_code", "asset_type", "source_system", "schema_name", "table_name", "data_level", "classification_id", "description", "field_count", "record_count", "upstream_assets", "downstream_assets", "is_active", "last_scan_time", "created_at", "updated_at") VALUES (1, 'DWS_CUST_ALL', 'DWS_CUST_ALL', '表', '数据仓库', 'dws', 'cust_all', 'CORE', 1, '全量客户信息表，包含客户基本信息和联系方式', 25, 1000000, NULL, NULL, TRUE, '2025-12-10T14:11:41.570319+08:00', '2025-12-22T23:36:48.095984+08:00', '2025-12-23T14:11:41.568881+08:00');
INSERT INTO "data_assets" ("id", "asset_name", "asset_code", "asset_type", "source_system", "schema_name", "table_name", "data_level", "classification_id", "description", "field_count", "record_count", "upstream_assets", "downstream_assets", "is_active", "last_scan_time", "created_at", "updated_at") VALUES (2, 'DWS_FINA_GL', 'DWS_FINA_GL', '表', '数据仓库', 'dws', 'fina_gl', 'IMPORTANT', 4, '总账表，包含财务科目和余额信息', 30, 500000, NULL, NULL, TRUE, '2025-12-12T14:11:41.571196+08:00', '2025-12-22T23:36:48.095984+08:00', '2025-12-23T14:11:41.568881+08:00');
INSERT INTO "data_assets" ("id", "asset_name", "asset_code", "asset_type", "source_system", "schema_name", "table_name", "data_level", "classification_id", "description", "field_count", "record_count", "upstream_assets", "downstream_assets", "is_active", "last_scan_time", "created_at", "updated_at") VALUES (3, 'DWS_TRAN_ACCT_INNER_TX', 'DWS_TRAN_ACCT_INNER_TX', '表', '数据仓库', 'dws', 'tran_acct_inner_tx', 'IMPORTANT', 2, '内部账户交易明细表', 20, 5000000, NULL, NULL, TRUE, '2025-12-02T14:11:41.571808+08:00', '2025-12-22T23:36:48.095984+08:00', '2025-12-23T14:11:41.568881+08:00');
INSERT INTO "data_assets" ("id", "asset_name", "asset_code", "asset_type", "source_system", "schema_name", "table_name", "data_level", "classification_id", "description", "field_count", "record_count", "upstream_assets", "downstream_assets", "is_active", "last_scan_time", "created_at", "updated_at") VALUES (4, 'RISK_EXPOSURE_SUMMARY', 'RISK_EXPOSURE_SUMMARY', '表', '风险系统', 'risk', 'exposure_summary', 'IMPORTANT', 3, '风险暴露汇总表', 15, 100000, NULL, NULL, TRUE, '2025-12-17T14:11:41.571506+08:00', '2025-12-22T23:36:48.095984+08:00', '2025-12-23T14:11:41.568881+08:00');
INSERT INTO "data_assets" ("id", "asset_name", "asset_code", "asset_type", "source_system", "schema_name", "table_name", "data_level", "classification_id", "description", "field_count", "record_count", "upstream_assets", "downstream_assets", "is_active", "last_scan_time", "created_at", "updated_at") VALUES (5, 'CORE_ACCT_MASTER', 'CORE_ACCT_MASTER', '表', '核心系统', 'core', 'acct_master', 'CORE', 2, '账户主表，包含账户基本信息', 30, 2000000, NULL, NULL, TRUE, '2025-12-18T14:11:41.570835+08:00', '2025-12-23T14:10:27.111838+08:00', '2025-12-23T14:11:41.568881+08:00');
INSERT INTO "data_assets" ("id", "asset_name", "asset_code", "asset_type", "source_system", "schema_name", "table_name", "data_level", "classification_id", "description", "field_count", "record_count", "upstream_assets", "downstream_assets", "is_active", "last_scan_time", "created_at", "updated_at") VALUES (6, 'CUST_PERSONAL_INFO', 'CUST_PERSONAL_INFO', '表', 'CRM系统', 'crm', 'cust_personal_info', 'SENSITIVE', 1, '客户个人信息表，包含身份证、手机号等敏感信息', 18, 800000, NULL, NULL, TRUE, '2025-12-06T14:11:41.572135+08:00', '2025-12-23T14:10:27.111838+08:00', '2025-12-23T14:11:41.568881+08:00');
INSERT INTO "data_assets" ("id", "asset_name", "asset_code", "asset_type", "source_system", "schema_name", "table_name", "data_level", "classification_id", "description", "field_count", "record_count", "upstream_assets", "downstream_assets", "is_active", "last_scan_time", "created_at", "updated_at") VALUES (7, 'CUST_BANK_CARD_INFO', 'CUST_BANK_CARD_INFO', '表', '核心系统', 'core', 'cust_bank_card_info', 'SENSITIVE', 1, '客户银行卡信息表', 12, 1500000, NULL, NULL, TRUE, '2025-12-16T14:11:41.572432+08:00', '2025-12-23T14:10:27.111838+08:00', '2025-12-23T14:11:41.568881+08:00');
INSERT INTO "data_assets" ("id", "asset_name", "asset_code", "asset_type", "source_system", "schema_name", "table_name", "data_level", "classification_id", "description", "field_count", "record_count", "upstream_assets", "downstream_assets", "is_active", "last_scan_time", "created_at", "updated_at") VALUES (8, 'CUST_BASIC_INFO', 'CUST_BASIC_INFO', '表', 'CRM系统', 'crm', 'cust_basic_info', 'PERSONAL', 1, '客户基本信息表', 15, 2000000, NULL, NULL, TRUE, '2025-11-30T14:11:41.572728+08:00', '2025-12-23T14:10:27.111838+08:00', '2025-12-23T14:11:41.568881+08:00');
INSERT INTO "data_assets" ("id", "asset_name", "asset_code", "asset_type", "source_system", "schema_name", "table_name", "data_level", "classification_id", "description", "field_count", "record_count", "upstream_assets", "downstream_assets", "is_active", "last_scan_time", "created_at", "updated_at") VALUES (9, 'PROD_SALES_RECORD', 'PROD_SALES_RECORD', '表', '运营系统', 'ops', 'prod_sales_record', 'PERSONAL', 5, '产品销售记录表', 10, 3000000, NULL, NULL, TRUE, '2025-11-29T14:11:41.573025+08:00', '2025-12-23T14:10:27.111838+08:00', '2025-12-23T14:11:41.568881+08:00');
INSERT INTO "data_assets" ("id", "asset_name", "asset_code", "asset_type", "source_system", "schema_name", "table_name", "data_level", "classification_id", "description", "field_count", "record_count", "upstream_assets", "downstream_assets", "is_active", "last_scan_time", "created_at", "updated_at") VALUES (10, 'OPS_SYSTEM_LOG', 'OPS_SYSTEM_LOG', '表', '运营系统', 'ops', 'system_log', 'INTERNAL', 6, '系统操作日志表', 8, 10000000, NULL, NULL, TRUE, '2025-11-25T14:11:41.573407+08:00', '2025-12-23T14:10:27.111838+08:00', '2025-12-23T14:11:41.568881+08:00');
INSERT INTO "data_assets" ("id", "asset_name", "asset_code", "asset_type", "source_system", "schema_name", "table_name", "data_level", "classification_id", "description", "field_count", "record_count", "upstream_assets", "downstream_assets", "is_active", "last_scan_time", "created_at", "updated_at") VALUES (11, 'RISK_RULE_CONFIG', 'RISK_RULE_CONFIG', '表', '风控系统', 'risk', 'rule_config', 'INTERNAL', 3, '风控规则配置表', 12, 5000, NULL, NULL, TRUE, '2025-12-04T14:11:41.573852+08:00', '2025-12-23T14:10:27.111838+08:00', '2025-12-23T14:11:41.568881+08:00');
INSERT INTO "data_assets" ("id", "asset_name", "asset_code", "asset_type", "source_system", "schema_name", "table_name", "data_level", "classification_id", "description", "field_count", "record_count", "upstream_assets", "downstream_assets", "is_active", "last_scan_time", "created_at", "updated_at") VALUES (12, 'PUBLIC_EXCHANGE_RATE', 'PUBLIC_EXCHANGE_RATE', '表', '财务系统', 'fin', 'exchange_rate', 'PUBLIC', 4, '公开汇率表', 5, 10000, NULL, NULL, TRUE, '2025-12-19T14:11:41.574221+08:00', '2025-12-23T14:10:27.111838+08:00', '2025-12-23T14:11:41.568881+08:00');
INSERT INTO "data_assets" ("id", "asset_name", "asset_code", "asset_type", "source_system", "schema_name", "table_name", "data_level", "classification_id", "description", "field_count", "record_count", "upstream_assets", "downstream_assets", "is_active", "last_scan_time", "created_at", "updated_at") VALUES (13, 'VW_CUST_SUMMARY', 'VW_CUST_SUMMARY', '视图', '数据仓库', 'dws', 'vw_cust_summary', 'IMPORTANT', 1, '客户汇总视图', 20, 1000000, NULL, NULL, TRUE, '2025-12-01T14:11:41.574491+08:00', '2025-12-23T14:10:27.111838+08:00', '2025-12-23T14:11:41.568881+08:00');
INSERT INTO "data_assets" ("id", "asset_name", "asset_code", "asset_type", "source_system", "schema_name", "table_name", "data_level", "classification_id", "description", "field_count", "record_count", "upstream_assets", "downstream_assets", "is_active", "last_scan_time", "created_at", "updated_at") VALUES (14, 'VW_TRAN_DAILY', 'VW_TRAN_DAILY', '视图', '数据仓库', 'dws', 'vw_tran_daily', 'IMPORTANT', 2, '每日交易汇总视图', 15, 5000000, NULL, NULL, TRUE, '2025-12-01T14:11:41.574819+08:00', '2025-12-23T14:10:27.111838+08:00', '2025-12-23T14:11:41.568881+08:00');
INSERT INTO "data_assets" ("id", "asset_name", "asset_code", "asset_type", "source_system", "schema_name", "table_name", "data_level", "classification_id", "description", "field_count", "record_count", "upstream_assets", "downstream_assets", "is_active", "last_scan_time", "created_at", "updated_at") VALUES (15, 'VW_RISK_METRICS', 'VW_RISK_METRICS', '视图', '风险系统', 'risk', 'vw_risk_metrics', 'INTERNAL', 3, '风险指标视图', 10, 100000, NULL, NULL, TRUE, '2025-12-18T14:11:41.575148+08:00', '2025-12-23T14:10:27.111838+08:00', '2025-12-23T14:11:41.568881+08:00');
INSERT INTO "data_assets" ("id", "asset_name", "asset_code", "asset_type", "source_system", "schema_name", "table_name", "data_level", "classification_id", "description", "field_count", "record_count", "upstream_assets", "downstream_assets", "is_active", "last_scan_time", "created_at", "updated_at") VALUES (16, 'VW_FIN_MONTHLY', 'VW_FIN_MONTHLY', '视图', '财务系统', 'fin', 'vw_fin_monthly', 'INTERNAL', 4, '月度财务汇总视图', 12, 50000, NULL, NULL, FALSE, '2025-11-26T14:11:41.575439+08:00', '2025-12-23T14:10:27.111838+08:00', '2025-12-23T14:11:41.568881+08:00');
INSERT INTO "data_assets" ("id", "asset_name", "asset_code", "asset_type", "source_system", "schema_name", "table_name", "data_level", "classification_id", "description", "field_count", "record_count", "upstream_assets", "downstream_assets", "is_active", "last_scan_time", "created_at", "updated_at") VALUES (17, 'API_CUST_QUERY', 'API_CUST_QUERY', '接口', 'CRM系统', NULL, NULL, 'SENSITIVE', 1, '客户信息查询接口', NULL, NULL, NULL, NULL, TRUE, '2025-12-21T14:11:41.575734+08:00', '2025-12-23T14:10:27.111838+08:00', '2025-12-23T14:11:41.568881+08:00');
INSERT INTO "data_assets" ("id", "asset_name", "asset_code", "asset_type", "source_system", "schema_name", "table_name", "data_level", "classification_id", "description", "field_count", "record_count", "upstream_assets", "downstream_assets", "is_active", "last_scan_time", "created_at", "updated_at") VALUES (18, 'API_TRAN_SUBMIT', 'API_TRAN_SUBMIT', '接口', '核心系统', NULL, NULL, 'IMPORTANT', 2, '交易提交接口', NULL, NULL, NULL, NULL, TRUE, '2025-12-07T14:11:41.576078+08:00', '2025-12-23T14:10:27.111838+08:00', '2025-12-23T14:11:41.568881+08:00');
INSERT INTO "data_assets" ("id", "asset_name", "asset_code", "asset_type", "source_system", "schema_name", "table_name", "data_level", "classification_id", "description", "field_count", "record_count", "upstream_assets", "downstream_assets", "is_active", "last_scan_time", "created_at", "updated_at") VALUES (19, 'API_RISK_CHECK', 'API_RISK_CHECK', '接口', '风控系统', NULL, NULL, 'INTERNAL', 3, '风险检查接口', NULL, NULL, NULL, NULL, TRUE, '2025-11-28T14:11:41.576394+08:00', '2025-12-23T14:10:27.111838+08:00', '2025-12-23T14:11:41.568881+08:00');
INSERT INTO "data_assets" ("id", "asset_name", "asset_code", "asset_type", "source_system", "schema_name", "table_name", "data_level", "classification_id", "description", "field_count", "record_count", "upstream_assets", "downstream_assets", "is_active", "last_scan_time", "created_at", "updated_at") VALUES (20, 'API_FIN_REPORT', 'API_FIN_REPORT', '接口', '财务系统', NULL, NULL, 'INTERNAL', 4, '财务报表接口', NULL, NULL, NULL, NULL, FALSE, '2025-12-09T14:11:41.576701+08:00', '2025-12-23T14:10:27.111838+08:00', '2025-12-23T14:11:41.568881+08:00');
INSERT INTO "data_assets" ("id", "asset_name", "asset_code", "asset_type", "source_system", "schema_name", "table_name", "data_level", "classification_id", "description", "field_count", "record_count", "upstream_assets", "downstream_assets", "is_active", "last_scan_time", "created_at", "updated_at") VALUES (21, 'FILE_CUST_EXPORT', 'FILE_CUST_EXPORT', '文件', '数据仓库', NULL, NULL, 'SENSITIVE', 1, '客户信息导出文件', NULL, NULL, NULL, NULL, TRUE, '2025-12-04T14:11:41.577085+08:00', '2025-12-23T14:10:27.111838+08:00', '2025-12-23T14:11:41.568881+08:00');
INSERT INTO "data_assets" ("id", "asset_name", "asset_code", "asset_type", "source_system", "schema_name", "table_name", "data_level", "classification_id", "description", "field_count", "record_count", "upstream_assets", "downstream_assets", "is_active", "last_scan_time", "created_at", "updated_at") VALUES (22, 'FILE_TRAN_BATCH', 'FILE_TRAN_BATCH', '文件', '核心系统', NULL, NULL, 'IMPORTANT', 2, '批量交易文件', NULL, NULL, NULL, NULL, TRUE, '2025-12-01T14:11:41.577436+08:00', '2025-12-23T14:10:27.111838+08:00', '2025-12-23T14:11:41.568881+08:00');
INSERT INTO "data_assets" ("id", "asset_name", "asset_code", "asset_type", "source_system", "schema_name", "table_name", "data_level", "classification_id", "description", "field_count", "record_count", "upstream_assets", "downstream_assets", "is_active", "last_scan_time", "created_at", "updated_at") VALUES (23, 'FILE_RISK_REPORT', 'FILE_RISK_REPORT', '文件', '风险系统', NULL, NULL, 'INTERNAL', 3, '风险报告文件', NULL, NULL, NULL, NULL, TRUE, '2025-12-20T14:11:41.577764+08:00', '2025-12-23T14:10:27.111838+08:00', '2025-12-23T14:11:41.568881+08:00');
INSERT INTO "data_assets" ("id", "asset_name", "asset_code", "asset_type", "source_system", "schema_name", "table_name", "data_level", "classification_id", "description", "field_count", "record_count", "upstream_assets", "downstream_assets", "is_active", "last_scan_time", "created_at", "updated_at") VALUES (24, 'FILE_FIN_STATEMENT', 'FILE_FIN_STATEMENT', '文件', '财务系统', NULL, NULL, 'INTERNAL', 4, '财务报表文件', NULL, NULL, NULL, NULL, FALSE, '2025-12-04T14:11:41.578128+08:00', '2025-12-23T14:10:27.111838+08:00', '2025-12-23T14:11:41.568881+08:00');

-- 表: asset_tag_association
TRUNCATE TABLE asset_tag_association CASCADE;

-- 表 asset_tag_association 无数据

-- 表: cross_border_scenarios
TRUNCATE TABLE cross_border_scenarios CASCADE;

INSERT INTO "cross_border_scenarios" ("id", "scenario_name", "scenario_code", "business_type", "recipient_name", "recipient_country", "recipient_type", "data_purpose", "storage_duration", "transfer_frequency", "security_level", "encryption_method", "data_scope", "estimated_volume", "status", "approver_id", "approved_at", "expiry_date", "description", "created_by", "created_at", "updated_at") VALUES (2, '跨境贸易融资合规审查', 'SCEN_002', '合规审查', '境外分行', '新加坡', '境外分行', '跨境贸易融资业务合规性审查', 180, '月', '中', 'AES-128', '贸易融资相关客户和交易数据', 200000, 'PENDING', NULL, NULL, NULL, NULL, 1, '2025-12-22T23:36:48.108834+08:00', NULL);
INSERT INTO "cross_border_scenarios" ("id", "scenario_name", "scenario_code", "business_type", "recipient_name", "recipient_country", "recipient_type", "data_purpose", "storage_duration", "transfer_frequency", "security_level", "encryption_method", "data_scope", "estimated_volume", "status", "approver_id", "approved_at", "expiry_date", "description", "created_by", "created_at", "updated_at") VALUES (3, '境外分行报表汇总', 'SCEN_003', '报表汇总', '亚太区总部', '香港', '境外分行', '月度业务报表汇总', 90, '月', '中', 'AES-128', '业务汇总数据，不含明细', 100000, 'DRAFT', NULL, NULL, NULL, NULL, 1, '2025-12-22T23:36:48.108834+08:00', NULL);
INSERT INTO "cross_border_scenarios" ("id", "scenario_name", "scenario_code", "business_type", "recipient_name", "recipient_country", "recipient_type", "data_purpose", "storage_duration", "transfer_frequency", "security_level", "encryption_method", "data_scope", "estimated_volume", "status", "approver_id", "approved_at", "expiry_date", "description", "created_by", "created_at", "updated_at") VALUES (6, '数据备份存储', 'SCEN_006', '数据备份', '美国接收方', '美国', '第三方机构', '数据备份相关数据用途', 180, '日', '中', 'AES-128', '数据备份相关数据范围', 1000000, 'REJECTED', NULL, NULL, NULL, NULL, 1, '2025-12-23T14:10:27.126492+08:00', NULL);
INSERT INTO "cross_border_scenarios" ("id", "scenario_name", "scenario_code", "business_type", "recipient_name", "recipient_country", "recipient_type", "data_purpose", "storage_duration", "transfer_frequency", "security_level", "encryption_method", "data_scope", "estimated_volume", "status", "approver_id", "approved_at", "expiry_date", "description", "created_by", "created_at", "updated_at") VALUES (8, '风险数据共享', 'SCEN_008', '业务分析', '德国接收方', '德国', '第三方机构', '业务分析相关数据用途', 180, '月', '中', 'AES-128', '业务分析相关数据范围', 250000, 'SUSPENDED', NULL, NULL, NULL, NULL, 1, '2025-12-23T14:10:27.126492+08:00', NULL);
INSERT INTO "cross_border_scenarios" ("id", "scenario_name", "scenario_code", "business_type", "recipient_name", "recipient_country", "recipient_type", "data_purpose", "storage_duration", "transfer_frequency", "security_level", "encryption_method", "data_scope", "estimated_volume", "status", "approver_id", "approved_at", "expiry_date", "description", "created_by", "created_at", "updated_at") VALUES (9, '客户服务数据同步', 'SCEN_009', '系统对接', '澳大利亚接收方', '澳大利亚', '境外分行', '系统对接相关数据用途', 180, '实时', '中', 'AES-128', '系统对接相关数据范围', 180000, 'PENDING', NULL, NULL, NULL, NULL, 1, '2025-12-23T14:10:27.126492+08:00', NULL);
INSERT INTO "cross_border_scenarios" ("id", "scenario_name", "scenario_code", "business_type", "recipient_name", "recipient_country", "recipient_type", "data_purpose", "storage_duration", "transfer_frequency", "security_level", "encryption_method", "data_scope", "estimated_volume", "status", "approver_id", "approved_at", "expiry_date", "description", "created_by", "created_at", "updated_at") VALUES (1, '母行集团年度审计', 'SCEN_001', '审计', '母行总部', '美国', '母行', '年度财务审计和合规审查', 365, '一次性', '高', 'AES-256', '客户基本信息、交易汇总数据', 500000, 'APPROVED', 1, '2025-11-23T14:11:41.598081+08:00', '2026-11-23T14:11:41.598087+08:00', NULL, 1, '2025-12-22T23:36:48.108834+08:00', '2025-12-23T14:11:41.589206+08:00');
INSERT INTO "cross_border_scenarios" ("id", "scenario_name", "scenario_code", "business_type", "recipient_name", "recipient_country", "recipient_type", "data_purpose", "storage_duration", "transfer_frequency", "security_level", "encryption_method", "data_scope", "estimated_volume", "status", "approver_id", "approved_at", "expiry_date", "description", "created_by", "created_at", "updated_at") VALUES (4, '亚太区业务分析', 'SCEN_004', '业务分析', '新加坡接收方', '新加坡', '境外分行', '业务分析相关数据用途', 180, '周', '高', 'AES-256', '业务分析相关数据范围', 150000, 'APPROVED', 1, '2025-12-08T14:11:41.599066+08:00', '2026-12-08T14:11:41.599070+08:00', NULL, 1, '2025-12-23T14:10:27.126492+08:00', '2025-12-23T14:11:41.589206+08:00');
INSERT INTO "cross_border_scenarios" ("id", "scenario_name", "scenario_code", "business_type", "recipient_name", "recipient_country", "recipient_type", "data_purpose", "storage_duration", "transfer_frequency", "security_level", "encryption_method", "data_scope", "estimated_volume", "status", "approver_id", "approved_at", "expiry_date", "description", "created_by", "created_at", "updated_at") VALUES (5, '系统对接数据同步', 'SCEN_005', '系统对接', '日本接收方', '日本', '第三方机构', '系统对接相关数据用途', 180, '实时', '高', 'AES-256', '系统对接相关数据范围', 300000, 'APPROVED', 1, '2025-12-16T14:11:41.599355+08:00', '2026-12-16T14:11:41.599358+08:00', NULL, 1, '2025-12-23T14:10:27.126492+08:00', '2025-12-23T14:11:41.589206+08:00');
INSERT INTO "cross_border_scenarios" ("id", "scenario_name", "scenario_code", "business_type", "recipient_name", "recipient_country", "recipient_type", "data_purpose", "storage_duration", "transfer_frequency", "security_level", "encryption_method", "data_scope", "estimated_volume", "status", "approver_id", "approved_at", "expiry_date", "description", "created_by", "created_at", "updated_at") VALUES (7, '季度财务审计', 'SCEN_007', '审计', '英国接收方', '英国', '母行', '审计相关数据用途', 365, '一次性', '中', 'AES-128', '审计相关数据范围', 400000, 'EXPIRED', 1, '2024-09-24T14:11:41.599867+08:00', '2025-09-24T14:11:41.599870+08:00', NULL, 1, '2025-12-23T14:10:27.126492+08:00', '2025-12-23T14:11:41.589206+08:00');
INSERT INTO "cross_border_scenarios" ("id", "scenario_name", "scenario_code", "business_type", "recipient_name", "recipient_country", "recipient_type", "data_purpose", "storage_duration", "transfer_frequency", "security_level", "encryption_method", "data_scope", "estimated_volume", "status", "approver_id", "approved_at", "expiry_date", "description", "created_by", "created_at", "updated_at") VALUES (10, '监管报告提交', 'SCEN_010', '合规审查', '香港接收方', '香港', '境外分行', '合规审查相关数据用途', 180, '月', '高', 'AES-256', '合规审查相关数据范围', 120000, 'APPROVED', 1, '2025-12-18T14:11:41.600668+08:00', '2026-12-18T14:11:41.600670+08:00', NULL, 1, '2025-12-23T14:10:27.126492+08:00', '2025-12-23T14:11:41.589206+08:00');

-- 表: risk_assessments
TRUNCATE TABLE risk_assessments CASCADE;

INSERT INTO "risk_assessments" ("id", "assessment_name", "assessment_code", "assessment_type", "scenario_id", "legal_environment_score", "data_volume_score", "security_measures_score", "data_sensitivity_score", "personal_info_count", "sensitive_info_count", "exceeds_personal_threshold", "exceeds_sensitive_threshold", "overall_risk_level", "overall_score", "risk_factors", "mitigation_measures", "assessment_result", "requires_regulatory_approval", "recommendation", "status", "assessor_id", "reviewed_by", "created_at", "updated_at", "completed_at") VALUES (3, '报表汇总风险评估', 'RISK_003', 'PIA', 3, 70.00, 40.00, 75.00, 60.00, 100000, 20000, FALSE, FALSE, 'LOW', 61.25, '{''legal'': 70, ''volume'': 40, ''security'': 75, ''sensitivity'': 60}', '使用加密传输，实施数据脱敏，签署标准合同', '低风险，建议加强数据保护措施', FALSE, '建议进行数据脱敏处理，并签署数据出境标准合同', 'IN_PROGRESS', 1, NULL, '2025-12-23T14:10:40.277744+08:00', NULL, NULL);
INSERT INTO "risk_assessments" ("id", "assessment_name", "assessment_code", "assessment_type", "scenario_id", "legal_environment_score", "data_volume_score", "security_measures_score", "data_sensitivity_score", "personal_info_count", "sensitive_info_count", "exceeds_personal_threshold", "exceeds_sensitive_threshold", "overall_risk_level", "overall_score", "risk_factors", "mitigation_measures", "assessment_result", "requires_regulatory_approval", "recommendation", "status", "assessor_id", "reviewed_by", "created_at", "updated_at", "completed_at") VALUES (8, '风险数据共享评估', 'RISK_008', 'DPIA', 8, 65.00, 60.00, 70.00, 75.00, 250000, 120000, FALSE, TRUE, 'MEDIUM', 67.50, '{''legal'': 65, ''volume'': 60, ''security'': 70, ''sensitivity'': 75}', '使用加密传输，实施数据脱敏，签署标准合同', '中风险，建议加强数据保护措施', FALSE, '建议进行数据脱敏处理，并签署数据出境标准合同', 'DRAFT', 1, NULL, '2025-12-23T14:10:40.277744+08:00', NULL, NULL);
INSERT INTO "risk_assessments" ("id", "assessment_name", "assessment_code", "assessment_type", "scenario_id", "legal_environment_score", "data_volume_score", "security_measures_score", "data_sensitivity_score", "personal_info_count", "sensitive_info_count", "exceeds_personal_threshold", "exceeds_sensitive_threshold", "overall_risk_level", "overall_score", "risk_factors", "mitigation_measures", "assessment_result", "requires_regulatory_approval", "recommendation", "status", "assessor_id", "reviewed_by", "created_at", "updated_at", "completed_at") VALUES (9, '客户服务数据评估', 'RISK_009', 'PIA', 9, 75.00, 45.00, 80.00, 65.00, 180000, 40000, FALSE, FALSE, 'LOW', 66.25, '{''legal'': 75, ''volume'': 45, ''security'': 80, ''sensitivity'': 65}', '使用加密传输，实施数据脱敏，签署标准合同', '低风险，建议加强数据保护措施', FALSE, '建议进行数据脱敏处理，并签署数据出境标准合同', 'IN_PROGRESS', 1, NULL, '2025-12-23T14:10:40.277744+08:00', NULL, NULL);
INSERT INTO "risk_assessments" ("id", "assessment_name", "assessment_code", "assessment_type", "scenario_id", "legal_environment_score", "data_volume_score", "security_measures_score", "data_sensitivity_score", "personal_info_count", "sensitive_info_count", "exceeds_personal_threshold", "exceeds_sensitive_threshold", "overall_risk_level", "overall_score", "risk_factors", "mitigation_measures", "assessment_result", "requires_regulatory_approval", "recommendation", "status", "assessor_id", "reviewed_by", "created_at", "updated_at", "completed_at") VALUES (1, '母行审计风险评估', 'RISK_001', 'PIA', 1, 75.00, 60.00, 85.00, 70.00, 500000, 100000, FALSE, TRUE, 'MEDIUM', 72.50, '{''legal_environment'': {''score'': 75, ''risk'': ''低''}, ''data_volume'': {''exceeds_personal'': False, ''exceeds_sensitive'': True}, ''security_measures'': {''score'': 85}}', '使用AES-256加密，实施数据脱敏，签署标准合同', '中等风险，建议加强敏感数据保护措施', TRUE, '建议进行数据脱敏处理，并签署数据出境标准合同', 'COMPLETED', 1, NULL, '2025-12-22T23:36:48.120927+08:00', '2025-12-23T14:11:41.602827+08:00', '2025-12-19T14:11:41.609734+08:00');
INSERT INTO "risk_assessments" ("id", "assessment_name", "assessment_code", "assessment_type", "scenario_id", "legal_environment_score", "data_volume_score", "security_measures_score", "data_sensitivity_score", "personal_info_count", "sensitive_info_count", "exceeds_personal_threshold", "exceeds_sensitive_threshold", "overall_risk_level", "overall_score", "risk_factors", "mitigation_measures", "assessment_result", "requires_regulatory_approval", "recommendation", "status", "assessor_id", "reviewed_by", "created_at", "updated_at", "completed_at") VALUES (2, '跨境贸易融资风险评估', 'RISK_002', 'DPIA', 2, 80.00, 50.00, 70.00, 65.00, 200000, 50000, FALSE, FALSE, 'LOW', 66.25, '{''legal_environment'': {''score'': 80, ''risk'': ''低''}, ''data_volume'': {''exceeds_personal'': False, ''exceeds_sensitive'': False}, ''security_measures'': {''score'': 70}}', '使用AES-128加密，定期审查', '低风险，可以批准', FALSE, '可以批准，建议定期审查', 'COMPLETED', 1, NULL, '2025-12-22T23:36:48.120927+08:00', '2025-12-23T14:11:41.602827+08:00', '2025-12-21T14:11:41.610044+08:00');
INSERT INTO "risk_assessments" ("id", "assessment_name", "assessment_code", "assessment_type", "scenario_id", "legal_environment_score", "data_volume_score", "security_measures_score", "data_sensitivity_score", "personal_info_count", "sensitive_info_count", "exceeds_personal_threshold", "exceeds_sensitive_threshold", "overall_risk_level", "overall_score", "risk_factors", "mitigation_measures", "assessment_result", "requires_regulatory_approval", "recommendation", "status", "assessor_id", "reviewed_by", "created_at", "updated_at", "completed_at") VALUES (4, '业务分析风险评估', 'RISK_004', 'DPIA', 4, 65.00, 55.00, 80.00, 75.00, 150000, 80000, FALSE, FALSE, 'MEDIUM', 68.75, '{''legal'': 65, ''volume'': 55, ''security'': 80, ''sensitivity'': 75}', '使用加密传输，实施数据脱敏，签署标准合同', '中风险，建议加强数据保护措施', FALSE, '建议进行数据脱敏处理，并签署数据出境标准合同', 'COMPLETED', 1, NULL, '2025-12-23T14:10:40.277744+08:00', '2025-12-23T14:11:41.602827+08:00', '2025-12-09T14:11:41.610587+08:00');
INSERT INTO "risk_assessments" ("id", "assessment_name", "assessment_code", "assessment_type", "scenario_id", "legal_environment_score", "data_volume_score", "security_measures_score", "data_sensitivity_score", "personal_info_count", "sensitive_info_count", "exceeds_personal_threshold", "exceeds_sensitive_threshold", "overall_risk_level", "overall_score", "risk_factors", "mitigation_measures", "assessment_result", "requires_regulatory_approval", "recommendation", "status", "assessor_id", "reviewed_by", "created_at", "updated_at", "completed_at") VALUES (5, '系统对接风险评估', 'RISK_005', 'PIA', 5, 60.00, 80.00, 60.00, 85.00, 300000, 150000, FALSE, TRUE, 'HIGH', 71.25, '{''legal'': 60, ''volume'': 80, ''security'': 60, ''sensitivity'': 85}', '使用加密传输，实施数据脱敏，签署标准合同', '高风险，建议加强数据保护措施', TRUE, '建议进行数据脱敏处理，并签署数据出境标准合同', 'COMPLETED', 1, NULL, '2025-12-23T14:10:40.277744+08:00', '2025-12-23T14:11:41.602827+08:00', '2025-11-27T14:11:41.610851+08:00');
INSERT INTO "risk_assessments" ("id", "assessment_name", "assessment_code", "assessment_type", "scenario_id", "legal_environment_score", "data_volume_score", "security_measures_score", "data_sensitivity_score", "personal_info_count", "sensitive_info_count", "exceeds_personal_threshold", "exceeds_sensitive_threshold", "overall_risk_level", "overall_score", "risk_factors", "mitigation_measures", "assessment_result", "requires_regulatory_approval", "recommendation", "status", "assessor_id", "reviewed_by", "created_at", "updated_at", "completed_at") VALUES (6, '数据备份风险评估', 'RISK_006', 'DPIA', 6, 50.00, 95.00, 50.00, 90.00, 1000000, 500000, TRUE, TRUE, 'CRITICAL', 71.25, '{''legal'': 50, ''volume'': 95, ''security'': 50, ''sensitivity'': 90}', '使用加密传输，实施数据脱敏，签署标准合同', '极高风险，建议加强数据保护措施', TRUE, '建议进行数据脱敏处理，并签署数据出境标准合同', 'ARCHIVED', 1, 1, '2025-12-23T14:10:40.277744+08:00', '2025-12-23T14:11:41.602827+08:00', '2025-09-18T14:11:41.611118+08:00');
INSERT INTO "risk_assessments" ("id", "assessment_name", "assessment_code", "assessment_type", "scenario_id", "legal_environment_score", "data_volume_score", "security_measures_score", "data_sensitivity_score", "personal_info_count", "sensitive_info_count", "exceeds_personal_threshold", "exceeds_sensitive_threshold", "overall_risk_level", "overall_score", "risk_factors", "mitigation_measures", "assessment_result", "requires_regulatory_approval", "recommendation", "status", "assessor_id", "reviewed_by", "created_at", "updated_at", "completed_at") VALUES (7, '季度审计风险评估', 'RISK_007', 'PIA', 7, 70.00, 55.00, 75.00, 70.00, 400000, 100000, FALSE, TRUE, 'MEDIUM', 67.50, '{''legal'': 70, ''volume'': 55, ''security'': 75, ''sensitivity'': 70}', '使用加密传输，实施数据脱敏，签署标准合同', '中风险，建议加强数据保护措施', FALSE, '建议进行数据脱敏处理，并签署数据出境标准合同', 'ARCHIVED', 1, 1, '2025-12-23T14:10:40.277744+08:00', '2025-12-23T14:11:41.602827+08:00', '2025-09-22T14:11:41.611650+08:00');
INSERT INTO "risk_assessments" ("id", "assessment_name", "assessment_code", "assessment_type", "scenario_id", "legal_environment_score", "data_volume_score", "security_measures_score", "data_sensitivity_score", "personal_info_count", "sensitive_info_count", "exceeds_personal_threshold", "exceeds_sensitive_threshold", "overall_risk_level", "overall_score", "risk_factors", "mitigation_measures", "assessment_result", "requires_regulatory_approval", "recommendation", "status", "assessor_id", "reviewed_by", "created_at", "updated_at", "completed_at") VALUES (10, '监管报告评估', 'RISK_010', 'PIA', 10, 80.00, 40.00, 85.00, 60.00, 120000, 30000, FALSE, FALSE, 'LOW', 66.25, '{''legal'': 80, ''volume'': 40, ''security'': 85, ''sensitivity'': 60}', '使用加密传输，实施数据脱敏，签署标准合同', '低风险，建议加强数据保护措施', FALSE, '建议进行数据脱敏处理，并签署数据出境标准合同', 'COMPLETED', 1, NULL, '2025-12-23T14:10:40.277744+08:00', '2025-12-23T14:11:41.602827+08:00', '2025-12-22T14:11:41.612425+08:00');

-- 表: transfer_approvals
TRUNCATE TABLE transfer_approvals CASCADE;

INSERT INTO "transfer_approvals" ("id", "scenario_id", "approval_status", "applicant_id", "approver_id", "transfer_type", "data_assets", "transfer_start_time", "transfer_end_time", "actual_volume", "approval_comment", "approved_at", "rejected_reason", "created_at", "updated_at") VALUES (1, 1, 'APPROVED', 1, 1, 'API', '[1, 2]', '2025-12-02T23:36:48.134342+08:00', '2025-12-03T23:36:48.134346+08:00', 480000, '已批准，数据已脱敏处理', '2025-12-02T23:36:48.134348+08:00', NULL, '2025-12-22T23:36:48.133486+08:00', NULL);
INSERT INTO "transfer_approvals" ("id", "scenario_id", "approval_status", "applicant_id", "approver_id", "transfer_type", "data_assets", "transfer_start_time", "transfer_end_time", "actual_volume", "approval_comment", "approved_at", "rejected_reason", "created_at", "updated_at") VALUES (2, 1, 'APPROVED', 1, 1, '文件', '[1]', '2025-12-12T23:36:48.134382+08:00', '2025-12-13T23:36:48.134384+08:00', 200000, '已批准', '2025-12-12T23:36:48.134385+08:00', NULL, '2025-12-22T23:36:48.133486+08:00', NULL);
INSERT INTO "transfer_approvals" ("id", "scenario_id", "approval_status", "applicant_id", "approver_id", "transfer_type", "data_assets", "transfer_start_time", "transfer_end_time", "actual_volume", "approval_comment", "approved_at", "rejected_reason", "created_at", "updated_at") VALUES (3, 2, 'PENDING', 1, NULL, 'API', '[3, 4]', NULL, NULL, NULL, NULL, NULL, NULL, '2025-12-22T23:36:48.133486+08:00', NULL);
INSERT INTO "transfer_approvals" ("id", "scenario_id", "approval_status", "applicant_id", "approver_id", "transfer_type", "data_assets", "transfer_start_time", "transfer_end_time", "actual_volume", "approval_comment", "approved_at", "rejected_reason", "created_at", "updated_at") VALUES (4, 1, 'APPROVED', 1, 1, 'API接口', '[1, 2]', '2025-12-03T13:19:00.162875+08:00', '2026-01-22T13:19:00.162883+08:00', 500000, '演示审批1，已批准', '2025-12-03T13:19:00.162885+08:00', NULL, '2025-11-28T13:19:00.162897+08:00', NULL);
INSERT INTO "transfer_approvals" ("id", "scenario_id", "approval_status", "applicant_id", "approver_id", "transfer_type", "data_assets", "transfer_start_time", "transfer_end_time", "actual_volume", "approval_comment", "approved_at", "rejected_reason", "created_at", "updated_at") VALUES (5, 2, 'APPROVED', 1, 1, 'API接口', '[2, 3]', '2025-12-06T13:19:00.162972+08:00', '2026-01-19T13:19:00.162974+08:00', 550000, '演示审批2，已批准', '2025-12-06T13:19:00.162976+08:00', NULL, '2025-12-01T13:19:00.162982+08:00', NULL);
INSERT INTO "transfer_approvals" ("id", "scenario_id", "approval_status", "applicant_id", "approver_id", "transfer_type", "data_assets", "transfer_start_time", "transfer_end_time", "actual_volume", "approval_comment", "approved_at", "rejected_reason", "created_at", "updated_at") VALUES (6, 3, 'APPROVED', 1, 1, 'API接口', '[3, 4]', '2025-12-09T13:19:00.163005+08:00', '2026-01-16T13:19:00.163006+08:00', 600000, '演示审批3，已批准', '2025-12-09T13:19:00.163007+08:00', NULL, '2025-12-04T13:19:00.163009+08:00', NULL);
INSERT INTO "transfer_approvals" ("id", "scenario_id", "approval_status", "applicant_id", "approver_id", "transfer_type", "data_assets", "transfer_start_time", "transfer_end_time", "actual_volume", "approval_comment", "approved_at", "rejected_reason", "created_at", "updated_at") VALUES (7, 1, 'APPROVED', 1, 1, 'API接口', '[1, 2]', '2025-12-03T13:35:31.420910+08:00', '2026-01-22T13:35:31.420917+08:00', 500000, '演示审批1，已批准', '2025-12-03T13:35:31.420919+08:00', NULL, '2025-11-28T13:35:31.420929+08:00', NULL);
INSERT INTO "transfer_approvals" ("id", "scenario_id", "approval_status", "applicant_id", "approver_id", "transfer_type", "data_assets", "transfer_start_time", "transfer_end_time", "actual_volume", "approval_comment", "approved_at", "rejected_reason", "created_at", "updated_at") VALUES (8, 2, 'APPROVED', 1, 1, 'API接口', '[2, 3]', '2025-12-06T13:35:31.420993+08:00', '2026-01-19T13:35:31.420994+08:00', 550000, '演示审批2，已批准', '2025-12-06T13:35:31.420996+08:00', NULL, '2025-12-01T13:35:31.421001+08:00', NULL);
INSERT INTO "transfer_approvals" ("id", "scenario_id", "approval_status", "applicant_id", "approver_id", "transfer_type", "data_assets", "transfer_start_time", "transfer_end_time", "actual_volume", "approval_comment", "approved_at", "rejected_reason", "created_at", "updated_at") VALUES (9, 3, 'APPROVED', 1, 1, 'API接口', '[3, 4]', '2025-12-09T13:35:31.421027+08:00', '2026-01-16T13:35:31.421028+08:00', 600000, '演示审批3，已批准', '2025-12-09T13:35:31.421029+08:00', NULL, '2025-12-04T13:35:31.421033+08:00', NULL);
INSERT INTO "transfer_approvals" ("id", "scenario_id", "approval_status", "applicant_id", "approver_id", "transfer_type", "data_assets", "transfer_start_time", "transfer_end_time", "actual_volume", "approval_comment", "approved_at", "rejected_reason", "created_at", "updated_at") VALUES (16, 1, 'APPROVED', 1, 1, 'API', '[1, 2]', '2025-12-03T14:10:40.299349+08:00', '2025-12-04T14:10:40.299351+08:00', 480000, '已批准，数据已脱敏处理', '2025-12-03T14:10:40.299343+08:00', NULL, '2025-12-23T14:10:40.297014+08:00', NULL);
INSERT INTO "transfer_approvals" ("id", "scenario_id", "approval_status", "applicant_id", "approver_id", "transfer_type", "data_assets", "transfer_start_time", "transfer_end_time", "actual_volume", "approval_comment", "approved_at", "rejected_reason", "created_at", "updated_at") VALUES (17, 1, 'APPROVED', 1, 1, '文件', '[1]', '2025-12-13T14:10:40.299381+08:00', '2025-12-14T14:10:40.299382+08:00', 200000, '已批准，数据已脱敏处理', '2025-12-13T14:10:40.299380+08:00', NULL, '2025-12-23T14:10:40.297014+08:00', NULL);
INSERT INTO "transfer_approvals" ("id", "scenario_id", "approval_status", "applicant_id", "approver_id", "transfer_type", "data_assets", "transfer_start_time", "transfer_end_time", "actual_volume", "approval_comment", "approved_at", "rejected_reason", "created_at", "updated_at") VALUES (18, 2, 'PENDING', 1, NULL, 'API', '[3, 4]', NULL, NULL, NULL, NULL, NULL, NULL, '2025-12-23T14:10:40.297014+08:00', NULL);
INSERT INTO "transfer_approvals" ("id", "scenario_id", "approval_status", "applicant_id", "approver_id", "transfer_type", "data_assets", "transfer_start_time", "transfer_end_time", "actual_volume", "approval_comment", "approved_at", "rejected_reason", "created_at", "updated_at") VALUES (19, 4, 'APPROVED', 1, 1, 'API', '[5, 6]', '2025-12-18T14:10:40.299409+08:00', '2025-12-19T14:10:40.299410+08:00', 140000, '已批准，数据已脱敏处理', '2025-12-18T14:10:40.299408+08:00', NULL, '2025-12-23T14:10:40.297014+08:00', NULL);
INSERT INTO "transfer_approvals" ("id", "scenario_id", "approval_status", "applicant_id", "approver_id", "transfer_type", "data_assets", "transfer_start_time", "transfer_end_time", "actual_volume", "approval_comment", "approved_at", "rejected_reason", "created_at", "updated_at") VALUES (20, 5, 'APPROVED', 1, 1, '数据库', '[7, 8]', '2025-12-20T14:10:40.299424+08:00', '2025-12-21T14:10:40.299425+08:00', 280000, '已批准，数据已脱敏处理', '2025-12-20T14:10:40.299423+08:00', NULL, '2025-12-23T14:10:40.297014+08:00', NULL);
INSERT INTO "transfer_approvals" ("id", "scenario_id", "approval_status", "applicant_id", "approver_id", "transfer_type", "data_assets", "transfer_start_time", "transfer_end_time", "actual_volume", "approval_comment", "approved_at", "rejected_reason", "created_at", "updated_at") VALUES (21, 6, 'REJECTED', 1, 1, '文件', '[9, 10]', NULL, NULL, NULL, NULL, NULL, '不符合数据出境合规要求', '2025-12-23T14:10:40.297014+08:00', NULL);
INSERT INTO "transfer_approvals" ("id", "scenario_id", "approval_status", "applicant_id", "approver_id", "transfer_type", "data_assets", "transfer_start_time", "transfer_end_time", "actual_volume", "approval_comment", "approved_at", "rejected_reason", "created_at", "updated_at") VALUES (22, 7, 'APPROVED', 1, 1, 'API', '[11, 12]', '2025-09-24T14:10:40.299448+08:00', '2025-09-25T14:10:40.299449+08:00', 380000, '已批准，数据已脱敏处理', '2025-09-24T14:10:40.299447+08:00', NULL, '2025-12-23T14:10:40.297014+08:00', NULL);
INSERT INTO "transfer_approvals" ("id", "scenario_id", "approval_status", "applicant_id", "approver_id", "transfer_type", "data_assets", "transfer_start_time", "transfer_end_time", "actual_volume", "approval_comment", "approved_at", "rejected_reason", "created_at", "updated_at") VALUES (23, 8, 'CANCELLED', 1, NULL, 'API', '[13, 14]', NULL, NULL, NULL, '申请人主动取消', NULL, NULL, '2025-12-23T14:10:40.297014+08:00', NULL);
INSERT INTO "transfer_approvals" ("id", "scenario_id", "approval_status", "applicant_id", "approver_id", "transfer_type", "data_assets", "transfer_start_time", "transfer_end_time", "actual_volume", "approval_comment", "approved_at", "rejected_reason", "created_at", "updated_at") VALUES (24, 9, 'PENDING', 1, NULL, '实时', '[15, 16]', NULL, NULL, NULL, NULL, NULL, NULL, '2025-12-23T14:10:40.297014+08:00', NULL);
INSERT INTO "transfer_approvals" ("id", "scenario_id", "approval_status", "applicant_id", "approver_id", "transfer_type", "data_assets", "transfer_start_time", "transfer_end_time", "actual_volume", "approval_comment", "approved_at", "rejected_reason", "created_at", "updated_at") VALUES (25, 10, 'APPROVED', 1, 1, '文件', '[17, 18]', '2025-12-21T14:10:40.299478+08:00', '2025-12-22T14:10:40.299479+08:00', 110000, '已批准，数据已脱敏处理', '2025-12-21T14:10:40.299477+08:00', NULL, '2025-12-23T14:10:40.297014+08:00', NULL);
INSERT INTO "transfer_approvals" ("id", "scenario_id", "approval_status", "applicant_id", "approver_id", "transfer_type", "data_assets", "transfer_start_time", "transfer_end_time", "actual_volume", "approval_comment", "approved_at", "rejected_reason", "created_at", "updated_at") VALUES (26, 1, 'APPROVED', 1, 1, 'API', '[1, 2]', '2025-12-03T14:11:14.690414+08:00', '2025-12-04T14:11:14.690416+08:00', 480000, '已批准，数据已脱敏处理', '2025-12-03T14:11:14.690411+08:00', NULL, '2025-12-23T14:11:14.690052+08:00', NULL);
INSERT INTO "transfer_approvals" ("id", "scenario_id", "approval_status", "applicant_id", "approver_id", "transfer_type", "data_assets", "transfer_start_time", "transfer_end_time", "actual_volume", "approval_comment", "approved_at", "rejected_reason", "created_at", "updated_at") VALUES (27, 1, 'APPROVED', 1, 1, '文件', '[1]', '2025-12-13T14:11:14.690497+08:00', '2025-12-14T14:11:14.690499+08:00', 200000, '已批准，数据已脱敏处理', '2025-12-13T14:11:14.690496+08:00', NULL, '2025-12-23T14:11:14.690052+08:00', NULL);
INSERT INTO "transfer_approvals" ("id", "scenario_id", "approval_status", "applicant_id", "approver_id", "transfer_type", "data_assets", "transfer_start_time", "transfer_end_time", "actual_volume", "approval_comment", "approved_at", "rejected_reason", "created_at", "updated_at") VALUES (28, 2, 'PENDING', 1, NULL, 'API', '[3, 4]', NULL, NULL, NULL, NULL, NULL, NULL, '2025-12-23T14:11:14.690052+08:00', NULL);
INSERT INTO "transfer_approvals" ("id", "scenario_id", "approval_status", "applicant_id", "approver_id", "transfer_type", "data_assets", "transfer_start_time", "transfer_end_time", "actual_volume", "approval_comment", "approved_at", "rejected_reason", "created_at", "updated_at") VALUES (29, 4, 'APPROVED', 1, 1, 'API', '[5, 6]', '2025-12-18T14:11:14.690545+08:00', '2025-12-19T14:11:14.690546+08:00', 140000, '已批准，数据已脱敏处理', '2025-12-18T14:11:14.690543+08:00', NULL, '2025-12-23T14:11:14.690052+08:00', NULL);
INSERT INTO "transfer_approvals" ("id", "scenario_id", "approval_status", "applicant_id", "approver_id", "transfer_type", "data_assets", "transfer_start_time", "transfer_end_time", "actual_volume", "approval_comment", "approved_at", "rejected_reason", "created_at", "updated_at") VALUES (30, 5, 'APPROVED', 1, 1, '数据库', '[7, 8]', '2025-12-20T14:11:14.690563+08:00', '2025-12-21T14:11:14.690564+08:00', 280000, '已批准，数据已脱敏处理', '2025-12-20T14:11:14.690562+08:00', NULL, '2025-12-23T14:11:14.690052+08:00', NULL);
INSERT INTO "transfer_approvals" ("id", "scenario_id", "approval_status", "applicant_id", "approver_id", "transfer_type", "data_assets", "transfer_start_time", "transfer_end_time", "actual_volume", "approval_comment", "approved_at", "rejected_reason", "created_at", "updated_at") VALUES (31, 6, 'REJECTED', 1, 1, '文件', '[9, 10]', NULL, NULL, NULL, NULL, NULL, '不符合数据出境合规要求', '2025-12-23T14:11:14.690052+08:00', NULL);
INSERT INTO "transfer_approvals" ("id", "scenario_id", "approval_status", "applicant_id", "approver_id", "transfer_type", "data_assets", "transfer_start_time", "transfer_end_time", "actual_volume", "approval_comment", "approved_at", "rejected_reason", "created_at", "updated_at") VALUES (32, 7, 'APPROVED', 1, 1, 'API', '[11, 12]', '2025-09-24T14:11:14.690595+08:00', '2025-09-25T14:11:14.690597+08:00', 380000, '已批准，数据已脱敏处理', '2025-09-24T14:11:14.690594+08:00', NULL, '2025-12-23T14:11:14.690052+08:00', NULL);
INSERT INTO "transfer_approvals" ("id", "scenario_id", "approval_status", "applicant_id", "approver_id", "transfer_type", "data_assets", "transfer_start_time", "transfer_end_time", "actual_volume", "approval_comment", "approved_at", "rejected_reason", "created_at", "updated_at") VALUES (33, 8, 'CANCELLED', 1, NULL, 'API', '[13, 14]', NULL, NULL, NULL, '申请人主动取消', NULL, NULL, '2025-12-23T14:11:14.690052+08:00', NULL);
INSERT INTO "transfer_approvals" ("id", "scenario_id", "approval_status", "applicant_id", "approver_id", "transfer_type", "data_assets", "transfer_start_time", "transfer_end_time", "actual_volume", "approval_comment", "approved_at", "rejected_reason", "created_at", "updated_at") VALUES (34, 9, 'PENDING', 1, NULL, '实时', '[15, 16]', NULL, NULL, NULL, NULL, NULL, NULL, '2025-12-23T14:11:14.690052+08:00', NULL);
INSERT INTO "transfer_approvals" ("id", "scenario_id", "approval_status", "applicant_id", "approver_id", "transfer_type", "data_assets", "transfer_start_time", "transfer_end_time", "actual_volume", "approval_comment", "approved_at", "rejected_reason", "created_at", "updated_at") VALUES (35, 10, 'APPROVED', 1, 1, '文件', '[17, 18]', '2025-12-21T14:11:14.690634+08:00', '2025-12-22T14:11:14.690635+08:00', 110000, '已批准，数据已脱敏处理', '2025-12-21T14:11:14.690633+08:00', NULL, '2025-12-23T14:11:14.690052+08:00', NULL);
INSERT INTO "transfer_approvals" ("id", "scenario_id", "approval_status", "applicant_id", "approver_id", "transfer_type", "data_assets", "transfer_start_time", "transfer_end_time", "actual_volume", "approval_comment", "approved_at", "rejected_reason", "created_at", "updated_at") VALUES (36, 1, 'APPROVED', 1, 1, 'API', '[1, 2]', '2025-12-03T14:11:41.617560+08:00', '2025-12-04T14:11:41.617561+08:00', 480000, '已批准，数据已脱敏处理', '2025-12-03T14:11:41.617557+08:00', NULL, '2025-12-23T14:11:41.614644+08:00', NULL);
INSERT INTO "transfer_approvals" ("id", "scenario_id", "approval_status", "applicant_id", "approver_id", "transfer_type", "data_assets", "transfer_start_time", "transfer_end_time", "actual_volume", "approval_comment", "approved_at", "rejected_reason", "created_at", "updated_at") VALUES (37, 1, 'APPROVED', 1, 1, '文件', '[1]', '2025-12-13T14:11:41.617610+08:00', '2025-12-14T14:11:41.617611+08:00', 200000, '已批准，数据已脱敏处理', '2025-12-13T14:11:41.617608+08:00', NULL, '2025-12-23T14:11:41.614644+08:00', NULL);
INSERT INTO "transfer_approvals" ("id", "scenario_id", "approval_status", "applicant_id", "approver_id", "transfer_type", "data_assets", "transfer_start_time", "transfer_end_time", "actual_volume", "approval_comment", "approved_at", "rejected_reason", "created_at", "updated_at") VALUES (38, 2, 'PENDING', 1, NULL, 'API', '[3, 4]', NULL, NULL, NULL, NULL, NULL, NULL, '2025-12-23T14:11:41.614644+08:00', NULL);
INSERT INTO "transfer_approvals" ("id", "scenario_id", "approval_status", "applicant_id", "approver_id", "transfer_type", "data_assets", "transfer_start_time", "transfer_end_time", "actual_volume", "approval_comment", "approved_at", "rejected_reason", "created_at", "updated_at") VALUES (39, 4, 'APPROVED', 1, 1, 'API', '[5, 6]', '2025-12-18T14:11:41.617647+08:00', '2025-12-19T14:11:41.617648+08:00', 140000, '已批准，数据已脱敏处理', '2025-12-18T14:11:41.617646+08:00', NULL, '2025-12-23T14:11:41.614644+08:00', NULL);
INSERT INTO "transfer_approvals" ("id", "scenario_id", "approval_status", "applicant_id", "approver_id", "transfer_type", "data_assets", "transfer_start_time", "transfer_end_time", "actual_volume", "approval_comment", "approved_at", "rejected_reason", "created_at", "updated_at") VALUES (40, 5, 'APPROVED', 1, 1, '数据库', '[7, 8]', '2025-12-20T14:11:41.617663+08:00', '2025-12-21T14:11:41.617664+08:00', 280000, '已批准，数据已脱敏处理', '2025-12-20T14:11:41.617662+08:00', NULL, '2025-12-23T14:11:41.614644+08:00', NULL);
INSERT INTO "transfer_approvals" ("id", "scenario_id", "approval_status", "applicant_id", "approver_id", "transfer_type", "data_assets", "transfer_start_time", "transfer_end_time", "actual_volume", "approval_comment", "approved_at", "rejected_reason", "created_at", "updated_at") VALUES (41, 6, 'REJECTED', 1, 1, '文件', '[9, 10]', NULL, NULL, NULL, NULL, NULL, '不符合数据出境合规要求', '2025-12-23T14:11:41.614644+08:00', NULL);
INSERT INTO "transfer_approvals" ("id", "scenario_id", "approval_status", "applicant_id", "approver_id", "transfer_type", "data_assets", "transfer_start_time", "transfer_end_time", "actual_volume", "approval_comment", "approved_at", "rejected_reason", "created_at", "updated_at") VALUES (42, 7, 'APPROVED', 1, 1, 'API', '[11, 12]', '2025-09-24T14:11:41.617691+08:00', '2025-09-25T14:11:41.617692+08:00', 380000, '已批准，数据已脱敏处理', '2025-09-24T14:11:41.617690+08:00', NULL, '2025-12-23T14:11:41.614644+08:00', NULL);
INSERT INTO "transfer_approvals" ("id", "scenario_id", "approval_status", "applicant_id", "approver_id", "transfer_type", "data_assets", "transfer_start_time", "transfer_end_time", "actual_volume", "approval_comment", "approved_at", "rejected_reason", "created_at", "updated_at") VALUES (43, 8, 'CANCELLED', 1, NULL, 'API', '[13, 14]', NULL, NULL, NULL, '申请人主动取消', NULL, NULL, '2025-12-23T14:11:41.614644+08:00', NULL);
INSERT INTO "transfer_approvals" ("id", "scenario_id", "approval_status", "applicant_id", "approver_id", "transfer_type", "data_assets", "transfer_start_time", "transfer_end_time", "actual_volume", "approval_comment", "approved_at", "rejected_reason", "created_at", "updated_at") VALUES (44, 9, 'PENDING', 1, NULL, '实时', '[15, 16]', NULL, NULL, NULL, NULL, NULL, NULL, '2025-12-23T14:11:41.614644+08:00', NULL);
INSERT INTO "transfer_approvals" ("id", "scenario_id", "approval_status", "applicant_id", "approver_id", "transfer_type", "data_assets", "transfer_start_time", "transfer_end_time", "actual_volume", "approval_comment", "approved_at", "rejected_reason", "created_at", "updated_at") VALUES (45, 10, 'APPROVED', 1, 1, '文件', '[17, 18]', '2025-12-21T14:11:41.617725+08:00', '2025-12-22T14:11:41.617725+08:00', 110000, '已批准，数据已脱敏处理', '2025-12-21T14:11:41.617723+08:00', NULL, '2025-12-23T14:11:41.614644+08:00', NULL);

-- 表: notifications
TRUNCATE TABLE notifications CASCADE;

INSERT INTO "notifications" ("id", "user_id", "type", "title", "content", "status", "resource_type", "resource_id", "action_url", "priority", "is_read", "read_at", "created_at", "updated_at") VALUES (1, 1, 'APPROVAL_PENDING', '传输审批待处理', '您有1个传输审批申请待处理，请及时审批。', 'UNREAD', 'approval', 1, '/approvals', 1, FALSE, NULL, '2025-12-23T11:22:23.430347+08:00', NULL);
INSERT INTO "notifications" ("id", "user_id", "type", "title", "content", "status", "resource_type", "resource_id", "action_url", "priority", "is_read", "read_at", "created_at", "updated_at") VALUES (2, 1, 'THRESHOLD_WARNING', '个人信息阈值预警', '风险评估 #RA001 的个人信息数量已超过阈值，请及时处理。', 'UNREAD', 'risk_assessment', 1, '/risk-assessments', 2, FALSE, NULL, '2025-12-23T08:22:23.430383+08:00', NULL);
INSERT INTO "notifications" ("id", "user_id", "type", "title", "content", "status", "resource_type", "resource_id", "action_url", "priority", "is_read", "read_at", "created_at", "updated_at") VALUES (3, 1, 'ANOMALY_ALERT', '异常行为检测', '检测到异常的数据传输行为，请立即查看审计日志。', 'UNREAD', 'audit', 1, '/audit-logs', 2, FALSE, NULL, '2025-12-22T13:22:23.430398+08:00', NULL);
INSERT INTO "notifications" ("id", "user_id", "type", "title", "content", "status", "resource_type", "resource_id", "action_url", "priority", "is_read", "read_at", "created_at", "updated_at") VALUES (4, 1, 'SYSTEM_NOTICE', '系统维护通知', '系统将于今晚22:00-24:00进行维护，期间可能无法访问。', 'READ', NULL, NULL, NULL, 0, TRUE, '2025-12-23T03:22:23.430407+08:00', '2025-12-21T13:22:23.430408+08:00', NULL);
INSERT INTO "notifications" ("id", "user_id", "type", "title", "content", "status", "resource_type", "resource_id", "action_url", "priority", "is_read", "read_at", "created_at", "updated_at") VALUES (5, 1, 'REMINDER', '数据资产扫描提醒', '提醒：本周的数据资产扫描任务尚未完成，请及时处理。', 'UNREAD', 'data_asset', NULL, '/data-assets', 0, FALSE, NULL, '2025-12-20T13:22:23.430415+08:00', NULL);

-- 表: system_configs
TRUNCATE TABLE system_configs CASCADE;

INSERT INTO "system_configs" ("id", "config_key", "config_name", "config_value", "config_type", "category", "description", "is_encrypted", "is_editable", "is_public", "validation_rule", "default_value", "created_at", "updated_at", "updated_by") VALUES (1, 'threshold.personal_info.max', '个人信息最大数量阈值', '1000000', 'INTEGER', 'THRESHOLD', '个人信息数量超过此阈值时触发预警', FALSE, TRUE, FALSE, NULL, '1000000', '2025-12-23T13:39:16.773288+08:00', NULL, 1);
INSERT INTO "system_configs" ("id", "config_key", "config_name", "config_value", "config_type", "category", "description", "is_encrypted", "is_editable", "is_public", "validation_rule", "default_value", "created_at", "updated_at", "updated_by") VALUES (2, 'threshold.sensitive_info.max', '敏感个人信息最大数量阈值', '100000', 'INTEGER', 'THRESHOLD', '敏感个人信息数量超过此阈值时触发预警', FALSE, TRUE, FALSE, NULL, '100000', '2025-12-23T13:39:16.773685+08:00', NULL, 1);
INSERT INTO "system_configs" ("id", "config_key", "config_name", "config_value", "config_type", "category", "description", "is_encrypted", "is_editable", "is_public", "validation_rule", "default_value", "created_at", "updated_at", "updated_by") VALUES (3, 'threshold.risk_score.high', '高风险评分阈值', '70', 'INTEGER', 'THRESHOLD', '风险评估分数超过此值视为高风险', FALSE, TRUE, FALSE, NULL, '70', '2025-12-23T13:39:16.773986+08:00', NULL, 1);
INSERT INTO "system_configs" ("id", "config_key", "config_name", "config_value", "config_type", "category", "description", "is_encrypted", "is_editable", "is_public", "validation_rule", "default_value", "created_at", "updated_at", "updated_by") VALUES (4, 'desensitization.mask.middle', '中间脱敏规则', '{"pattern": "middle", "keep_start": 3, "keep_end": 4, "mask_char": "*"}', 'JSON', 'DESENSITIZATION', '手机号、身份证等中间部分脱敏规则', FALSE, TRUE, FALSE, NULL, '{"pattern": "middle", "keep_start": 3, "keep_end": 4, "mask_char": "*"}', '2025-12-23T13:39:16.774267+08:00', NULL, 1);
INSERT INTO "system_configs" ("id", "config_key", "config_name", "config_value", "config_type", "category", "description", "is_encrypted", "is_editable", "is_public", "validation_rule", "default_value", "created_at", "updated_at", "updated_by") VALUES (5, 'desensitization.mask.email', '邮箱脱敏规则', '{"pattern": "email", "mask_domain": true}', 'JSON', 'DESENSITIZATION', '邮箱地址脱敏规则', FALSE, TRUE, FALSE, NULL, '{"pattern": "email", "mask_domain": true}', '2025-12-23T13:39:16.774535+08:00', NULL, 1);
INSERT INTO "system_configs" ("id", "config_key", "config_name", "config_value", "config_type", "category", "description", "is_encrypted", "is_editable", "is_public", "validation_rule", "default_value", "created_at", "updated_at", "updated_by") VALUES (6, 'approval.auto_approve.enabled', '自动审批开关', 'false', 'BOOLEAN', 'APPROVAL', '是否启用自动审批（低风险场景）', FALSE, TRUE, FALSE, NULL, 'false', '2025-12-23T13:39:16.774791+08:00', NULL, 1);
INSERT INTO "system_configs" ("id", "config_key", "config_name", "config_value", "config_type", "category", "description", "is_encrypted", "is_editable", "is_public", "validation_rule", "default_value", "created_at", "updated_at", "updated_by") VALUES (7, 'approval.timeout.days', '审批超时天数', '7', 'INTEGER', 'APPROVAL', '审批申请超过此天数未处理则自动拒绝', FALSE, TRUE, FALSE, NULL, '7', '2025-12-23T13:39:16.775068+08:00', NULL, 1);
INSERT INTO "system_configs" ("id", "config_key", "config_name", "config_value", "config_type", "category", "description", "is_encrypted", "is_editable", "is_public", "validation_rule", "default_value", "created_at", "updated_at", "updated_by") VALUES (8, 'notification.email.enabled', '邮件通知开关', 'true', 'BOOLEAN', 'NOTIFICATION', '是否启用邮件通知', FALSE, TRUE, FALSE, NULL, 'true', '2025-12-23T13:39:16.775327+08:00', NULL, 1);
INSERT INTO "system_configs" ("id", "config_key", "config_name", "config_value", "config_type", "category", "description", "is_encrypted", "is_editable", "is_public", "validation_rule", "default_value", "created_at", "updated_at", "updated_by") VALUES (9, 'notification.sms.enabled', '短信通知开关', 'false', 'BOOLEAN', 'NOTIFICATION', '是否启用短信通知', FALSE, TRUE, FALSE, NULL, 'false', '2025-12-23T13:39:16.775577+08:00', NULL, 1);
INSERT INTO "system_configs" ("id", "config_key", "config_name", "config_value", "config_type", "category", "description", "is_encrypted", "is_editable", "is_public", "validation_rule", "default_value", "created_at", "updated_at", "updated_by") VALUES (10, 'system.session.timeout', '会话超时时间（分钟）', '30', 'INTEGER', 'SYSTEM', '用户会话超时时间（分钟）', FALSE, TRUE, TRUE, NULL, '30', '2025-12-23T13:39:16.775839+08:00', NULL, 1);
INSERT INTO "system_configs" ("id", "config_key", "config_name", "config_value", "config_type", "category", "description", "is_encrypted", "is_editable", "is_public", "validation_rule", "default_value", "created_at", "updated_at", "updated_by") VALUES (11, 'system.page.size', '默认分页大小', '10', 'INTEGER', 'SYSTEM', '列表页面默认每页显示数量', FALSE, TRUE, TRUE, NULL, '10', '2025-12-23T13:39:16.776097+08:00', NULL, 1);
INSERT INTO "system_configs" ("id", "config_key", "config_name", "config_value", "config_type", "category", "description", "is_encrypted", "is_editable", "is_public", "validation_rule", "default_value", "created_at", "updated_at", "updated_by") VALUES (12, 'compliance.gdpr.enabled', 'GDPR合规检查', 'true', 'BOOLEAN', 'COMPLIANCE', '是否启用GDPR合规检查', FALSE, TRUE, FALSE, NULL, 'true', '2025-12-23T13:39:16.776359+08:00', NULL, 1);
INSERT INTO "system_configs" ("id", "config_key", "config_name", "config_value", "config_type", "category", "description", "is_encrypted", "is_editable", "is_public", "validation_rule", "default_value", "created_at", "updated_at", "updated_by") VALUES (13, 'compliance.data.retention.days', '数据保留天数', '365', 'INTEGER', 'COMPLIANCE', '数据保留天数，超过此天数自动删除', FALSE, TRUE, FALSE, NULL, '365', '2025-12-23T13:39:16.776609+08:00', NULL, 1);
INSERT INTO "system_configs" ("id", "config_key", "config_name", "config_value", "config_type", "category", "description", "is_encrypted", "is_editable", "is_public", "validation_rule", "default_value", "created_at", "updated_at", "updated_by") VALUES (14, 'threshold.risk_score.medium', '中风险评分阈值', '40', 'INTEGER', 'THRESHOLD', '风险评估分数在此值到高风险阈值之间视为中风险', FALSE, TRUE, FALSE, NULL, '40', '2025-12-23T13:48:49.228446+08:00', NULL, 1);
INSERT INTO "system_configs" ("id", "config_key", "config_name", "config_value", "config_type", "category", "description", "is_encrypted", "is_editable", "is_public", "validation_rule", "default_value", "created_at", "updated_at", "updated_by") VALUES (15, 'threshold.data_volume.warning', '数据传输量预警阈值（GB）', '100', 'INTEGER', 'THRESHOLD', '单次数据传输量超过此值（GB）时触发预警', FALSE, TRUE, FALSE, NULL, '100', '2025-12-23T13:48:49.228729+08:00', NULL, 1);
INSERT INTO "system_configs" ("id", "config_key", "config_name", "config_value", "config_type", "category", "description", "is_encrypted", "is_editable", "is_public", "validation_rule", "default_value", "created_at", "updated_at", "updated_by") VALUES (16, 'threshold.transfer_frequency.max', '最大传输频率（次/天）', '1000', 'INTEGER', 'THRESHOLD', '单个场景每天最大传输次数，超过此值触发预警', FALSE, TRUE, FALSE, NULL, '1000', '2025-12-23T13:48:49.228980+08:00', NULL, 1);
INSERT INTO "system_configs" ("id", "config_key", "config_name", "config_value", "config_type", "category", "description", "is_encrypted", "is_editable", "is_public", "validation_rule", "default_value", "created_at", "updated_at", "updated_by") VALUES (17, 'desensitization.mask.id_card', '身份证脱敏规则', '{"pattern": "id_card", "keep_start": 3, "keep_end": 4, "mask_char": "*"}', 'JSON', 'DESENSITIZATION', '身份证号码脱敏规则，保留前3位和后4位', FALSE, TRUE, FALSE, NULL, '{"pattern": "id_card", "keep_start": 3, "keep_end": 4, "mask_char": "*"}', '2025-12-23T13:48:49.229685+08:00', NULL, 1);
INSERT INTO "system_configs" ("id", "config_key", "config_name", "config_value", "config_type", "category", "description", "is_encrypted", "is_editable", "is_public", "validation_rule", "default_value", "created_at", "updated_at", "updated_by") VALUES (18, 'desensitization.mask.bank_card', '银行卡脱敏规则', '{"pattern": "bank_card", "keep_end": 4, "mask_char": "*"}', 'JSON', 'DESENSITIZATION', '银行卡号脱敏规则，只保留后4位', FALSE, TRUE, FALSE, NULL, '{"pattern": "bank_card", "keep_end": 4, "mask_char": "*"}', '2025-12-23T13:48:49.229915+08:00', NULL, 1);
INSERT INTO "system_configs" ("id", "config_key", "config_name", "config_value", "config_type", "category", "description", "is_encrypted", "is_editable", "is_public", "validation_rule", "default_value", "created_at", "updated_at", "updated_by") VALUES (19, 'desensitization.pseudonymize.name', '姓名假名化规则', '{"pattern": "pseudonymize", "algorithm": "sha256", "prefix": "UID_"}', 'JSON', 'DESENSITIZATION', '姓名假名化规则，使用SHA256哈希生成唯一标识', FALSE, TRUE, FALSE, NULL, '{"pattern": "pseudonymize", "algorithm": "sha256", "prefix": "UID_"}', '2025-12-23T13:48:49.230153+08:00', NULL, 1);
INSERT INTO "system_configs" ("id", "config_key", "config_name", "config_value", "config_type", "category", "description", "is_encrypted", "is_editable", "is_public", "validation_rule", "default_value", "created_at", "updated_at", "updated_by") VALUES (20, 'desensitization.enabled', '脱敏功能开关', 'true', 'BOOLEAN', 'DESENSITIZATION', '是否启用数据脱敏功能', FALSE, TRUE, FALSE, NULL, 'true', '2025-12-23T13:48:49.230387+08:00', NULL, 1);
INSERT INTO "system_configs" ("id", "config_key", "config_name", "config_value", "config_type", "category", "description", "is_encrypted", "is_editable", "is_public", "validation_rule", "default_value", "created_at", "updated_at", "updated_by") VALUES (21, 'approval.auto_approve.risk_threshold', '自动审批风险阈值', '30', 'INTEGER', 'APPROVAL', '风险评分低于此值可自动审批', FALSE, TRUE, FALSE, NULL, '30', '2025-12-23T13:48:49.230853+08:00', NULL, 1);
INSERT INTO "system_configs" ("id", "config_key", "config_name", "config_value", "config_type", "category", "description", "is_encrypted", "is_editable", "is_public", "validation_rule", "default_value", "created_at", "updated_at", "updated_by") VALUES (22, 'approval.require_multi_level', '多级审批开关', 'true', 'BOOLEAN', 'APPROVAL', '高风险场景是否需要多级审批', FALSE, TRUE, FALSE, NULL, 'true', '2025-12-23T13:48:49.231334+08:00', NULL, 1);
INSERT INTO "system_configs" ("id", "config_key", "config_name", "config_value", "config_type", "category", "description", "is_encrypted", "is_editable", "is_public", "validation_rule", "default_value", "created_at", "updated_at", "updated_by") VALUES (23, 'approval.multi_level.risk_threshold', '多级审批风险阈值', '60', 'INTEGER', 'APPROVAL', '风险评分超过此值需要多级审批', FALSE, TRUE, FALSE, NULL, '60', '2025-12-23T13:48:49.231562+08:00', NULL, 1);
INSERT INTO "system_configs" ("id", "config_key", "config_name", "config_value", "config_type", "category", "description", "is_encrypted", "is_editable", "is_public", "validation_rule", "default_value", "created_at", "updated_at", "updated_by") VALUES (24, 'notification.in_app.enabled', '站内通知开关', 'true', 'BOOLEAN', 'NOTIFICATION', '是否启用站内通知', FALSE, TRUE, FALSE, NULL, 'true', '2025-12-23T13:48:49.232233+08:00', NULL, 1);
INSERT INTO "system_configs" ("id", "config_key", "config_name", "config_value", "config_type", "category", "description", "is_encrypted", "is_editable", "is_public", "validation_rule", "default_value", "created_at", "updated_at", "updated_by") VALUES (25, 'notification.threshold_warning.enabled', '阈值预警通知开关', 'true', 'BOOLEAN', 'NOTIFICATION', '是否启用阈值预警通知', FALSE, TRUE, FALSE, NULL, 'true', '2025-12-23T13:48:49.232460+08:00', NULL, 1);
INSERT INTO "system_configs" ("id", "config_key", "config_name", "config_value", "config_type", "category", "description", "is_encrypted", "is_editable", "is_public", "validation_rule", "default_value", "created_at", "updated_at", "updated_by") VALUES (26, 'notification.approval_reminder.enabled', '审批提醒通知开关', 'true', 'BOOLEAN', 'NOTIFICATION', '是否启用审批提醒通知', FALSE, TRUE, FALSE, NULL, 'true', '2025-12-23T13:48:49.232691+08:00', NULL, 1);
INSERT INTO "system_configs" ("id", "config_key", "config_name", "config_value", "config_type", "category", "description", "is_encrypted", "is_editable", "is_public", "validation_rule", "default_value", "created_at", "updated_at", "updated_by") VALUES (27, 'notification.retention_days', '通知保留天数', '90', 'INTEGER', 'NOTIFICATION', '通知消息保留天数，超过此天数自动删除', FALSE, TRUE, FALSE, NULL, '90', '2025-12-23T13:48:49.232911+08:00', NULL, 1);
INSERT INTO "system_configs" ("id", "config_key", "config_name", "config_value", "config_type", "category", "description", "is_encrypted", "is_editable", "is_public", "validation_rule", "default_value", "created_at", "updated_at", "updated_by") VALUES (28, 'system.audit_log.retention_days', '审计日志保留天数', '365', 'INTEGER', 'SYSTEM', '审计日志保留天数，超过此天数自动归档或删除', FALSE, TRUE, FALSE, NULL, '365', '2025-12-23T13:48:49.233868+08:00', NULL, 1);
INSERT INTO "system_configs" ("id", "config_key", "config_name", "config_value", "config_type", "category", "description", "is_encrypted", "is_editable", "is_public", "validation_rule", "default_value", "created_at", "updated_at", "updated_by") VALUES (29, 'system.data_scan.interval', '数据扫描间隔（小时）', '24', 'INTEGER', 'SYSTEM', '自动数据资产扫描间隔（小时）', FALSE, TRUE, FALSE, NULL, '24', '2025-12-23T13:48:49.234150+08:00', NULL, 1);
INSERT INTO "system_configs" ("id", "config_key", "config_name", "config_value", "config_type", "category", "description", "is_encrypted", "is_editable", "is_public", "validation_rule", "default_value", "created_at", "updated_at", "updated_by") VALUES (30, 'system.backup.enabled', '自动备份开关', 'true', 'BOOLEAN', 'SYSTEM', '是否启用自动备份', FALSE, TRUE, FALSE, NULL, 'true', '2025-12-23T13:48:49.234385+08:00', NULL, 1);
INSERT INTO "system_configs" ("id", "config_key", "config_name", "config_value", "config_type", "category", "description", "is_encrypted", "is_editable", "is_public", "validation_rule", "default_value", "created_at", "updated_at", "updated_by") VALUES (31, 'system.backup.interval', '备份间隔（小时）', '24', 'INTEGER', 'SYSTEM', '自动备份间隔（小时）', FALSE, TRUE, FALSE, NULL, '24', '2025-12-23T13:48:49.234600+08:00', NULL, 1);
INSERT INTO "system_configs" ("id", "config_key", "config_name", "config_value", "config_type", "category", "description", "is_encrypted", "is_editable", "is_public", "validation_rule", "default_value", "created_at", "updated_at", "updated_by") VALUES (32, 'compliance.pipeda.enabled', 'PIPEDA合规检查', 'false', 'BOOLEAN', 'COMPLIANCE', '是否启用PIPEDA（加拿大个人信息保护）合规检查', FALSE, TRUE, FALSE, NULL, 'false', '2025-12-23T13:48:49.235310+08:00', NULL, 1);
INSERT INTO "system_configs" ("id", "config_key", "config_name", "config_value", "config_type", "category", "description", "is_encrypted", "is_editable", "is_public", "validation_rule", "default_value", "created_at", "updated_at", "updated_by") VALUES (33, 'compliance.ccpa.enabled', 'CCPA合规检查', 'false', 'BOOLEAN', 'COMPLIANCE', '是否启用CCPA（加州消费者隐私法）合规检查', FALSE, TRUE, FALSE, NULL, 'false', '2025-12-23T13:48:49.235539+08:00', NULL, 1);
INSERT INTO "system_configs" ("id", "config_key", "config_name", "config_value", "config_type", "category", "description", "is_encrypted", "is_editable", "is_public", "validation_rule", "default_value", "created_at", "updated_at", "updated_by") VALUES (34, 'compliance.consent.required', '用户同意要求', 'true', 'BOOLEAN', 'COMPLIANCE', '跨境传输是否需要用户明确同意', FALSE, TRUE, FALSE, NULL, 'true', '2025-12-23T13:48:49.235767+08:00', NULL, 1);
INSERT INTO "system_configs" ("id", "config_key", "config_name", "config_value", "config_type", "category", "description", "is_encrypted", "is_editable", "is_public", "validation_rule", "default_value", "created_at", "updated_at", "updated_by") VALUES (35, 'compliance.data.minimization', '数据最小化原则', 'true', 'BOOLEAN', 'COMPLIANCE', '是否启用数据最小化原则（只传输必要数据）', FALSE, TRUE, FALSE, NULL, 'true', '2025-12-23T13:48:49.236001+08:00', NULL, 1);

-- 表: audit_logs
TRUNCATE TABLE audit_logs CASCADE;

INSERT INTO "audit_logs" ("id", "action", "resource_type", "resource_id", "user_id", "username", "ip_address", "user_agent", "operation_details", "before_data", "after_data", "transfer_volume", "destination_country", "transfer_status", "is_anomaly", "anomaly_type", "anomaly_reason", "created_at") VALUES (1, 'CREATE', '数据资产', 1, 1, 'admin', '192.168.1.100', NULL, '{''asset_name'': ''DWS_CUST_ALL''}', NULL, NULL, NULL, NULL, NULL, FALSE, NULL, NULL, '2025-10-23T23:36:48.140633+08:00');
INSERT INTO "audit_logs" ("id", "action", "resource_type", "resource_id", "user_id", "username", "ip_address", "user_agent", "operation_details", "before_data", "after_data", "transfer_volume", "destination_country", "transfer_status", "is_anomaly", "anomaly_type", "anomaly_reason", "created_at") VALUES (2, 'APPROVE', '场景', 1, 1, 'admin', '192.168.1.100', NULL, '{''scenario_code'': ''SCEN_001''}', NULL, NULL, NULL, NULL, NULL, FALSE, NULL, NULL, '2025-11-22T23:36:48.141164+08:00');
INSERT INTO "audit_logs" ("id", "action", "resource_type", "resource_id", "user_id", "username", "ip_address", "user_agent", "operation_details", "before_data", "after_data", "transfer_volume", "destination_country", "transfer_status", "is_anomaly", "anomaly_type", "anomaly_reason", "created_at") VALUES (3, 'TRANSFER', '审批', 1, 1, 'admin', '192.168.1.100', NULL, NULL, NULL, NULL, 480000, '美国', '成功', FALSE, NULL, NULL, '2025-12-02T23:36:48.141180+08:00');
INSERT INTO "audit_logs" ("id", "action", "resource_type", "resource_id", "user_id", "username", "ip_address", "user_agent", "operation_details", "before_data", "after_data", "transfer_volume", "destination_country", "transfer_status", "is_anomaly", "anomaly_type", "anomaly_reason", "created_at") VALUES (4, 'TRANSFER', '审批', 2, 1, 'admin', '192.168.1.100', NULL, NULL, NULL, NULL, 200000, '美国', '成功', FALSE, NULL, NULL, '2025-12-12T23:36:48.141195+08:00');
INSERT INTO "audit_logs" ("id", "action", "resource_type", "resource_id", "user_id", "username", "ip_address", "user_agent", "operation_details", "before_data", "after_data", "transfer_volume", "destination_country", "transfer_status", "is_anomaly", "anomaly_type", "anomaly_reason", "created_at") VALUES (5, 'VIEW', '风险评估', 1, 1, 'admin', '192.168.1.101', NULL, NULL, NULL, NULL, NULL, NULL, NULL, FALSE, NULL, NULL, '2025-12-17T23:36:48.141205+08:00');
INSERT INTO "audit_logs" ("id", "action", "resource_type", "resource_id", "user_id", "username", "ip_address", "user_agent", "operation_details", "before_data", "after_data", "transfer_volume", "destination_country", "transfer_status", "is_anomaly", "anomaly_type", "anomaly_reason", "created_at") VALUES (6, 'INTERCEPT', '审批', 3, 1, 'admin', '192.168.1.100', NULL, NULL, NULL, NULL, NULL, NULL, '拦截', TRUE, '未授权传输', '传输申请未批准', '2025-12-20T23:36:48.141213+08:00');
INSERT INTO "audit_logs" ("id", "action", "resource_type", "resource_id", "user_id", "username", "ip_address", "user_agent", "operation_details", "before_data", "after_data", "transfer_volume", "destination_country", "transfer_status", "is_anomaly", "anomaly_type", "anomaly_reason", "created_at") VALUES (7, 'CREATE', '数据资产', 1, 1, 'admin', '192.168.1.171', NULL, '{''asset_name'': ''DWS_CUST_ALL''}', NULL, NULL, NULL, NULL, NULL, FALSE, NULL, NULL, '2025-10-24T14:10:40.305887+08:00');
INSERT INTO "audit_logs" ("id", "action", "resource_type", "resource_id", "user_id", "username", "ip_address", "user_agent", "operation_details", "before_data", "after_data", "transfer_volume", "destination_country", "transfer_status", "is_anomaly", "anomaly_type", "anomaly_reason", "created_at") VALUES (8, 'UPDATE', '数据资产', 1, 1, 'admin', '192.168.1.135', NULL, '{''field'': ''description''}', NULL, NULL, NULL, NULL, NULL, FALSE, NULL, NULL, '2025-10-29T14:10:40.305921+08:00');
INSERT INTO "audit_logs" ("id", "action", "resource_type", "resource_id", "user_id", "username", "ip_address", "user_agent", "operation_details", "before_data", "after_data", "transfer_volume", "destination_country", "transfer_status", "is_anomaly", "anomaly_type", "anomaly_reason", "created_at") VALUES (9, 'VIEW', '数据资产', 1, 1, 'admin', '192.168.1.189', NULL, '{}', NULL, NULL, NULL, NULL, NULL, FALSE, NULL, NULL, '2025-11-03T14:10:40.305937+08:00');
INSERT INTO "audit_logs" ("id", "action", "resource_type", "resource_id", "user_id", "username", "ip_address", "user_agent", "operation_details", "before_data", "after_data", "transfer_volume", "destination_country", "transfer_status", "is_anomaly", "anomaly_type", "anomaly_reason", "created_at") VALUES (10, 'APPROVE', '场景', 1, 1, 'admin', '192.168.1.188', NULL, '{''scenario_code'': ''SCEN_001''}', NULL, NULL, NULL, NULL, NULL, FALSE, NULL, NULL, '2025-11-23T14:10:40.305948+08:00');
INSERT INTO "audit_logs" ("id", "action", "resource_type", "resource_id", "user_id", "username", "ip_address", "user_agent", "operation_details", "before_data", "after_data", "transfer_volume", "destination_country", "transfer_status", "is_anomaly", "anomaly_type", "anomaly_reason", "created_at") VALUES (11, 'TRANSFER', '审批', 1, 1, 'admin', '192.168.1.116', NULL, '{}', NULL, NULL, 480000, '美国', '成功', FALSE, NULL, NULL, '2025-12-03T14:10:40.305958+08:00');
INSERT INTO "audit_logs" ("id", "action", "resource_type", "resource_id", "user_id", "username", "ip_address", "user_agent", "operation_details", "before_data", "after_data", "transfer_volume", "destination_country", "transfer_status", "is_anomaly", "anomaly_type", "anomaly_reason", "created_at") VALUES (12, 'TRANSFER', '审批', 2, 1, 'admin', '192.168.1.139', NULL, '{}', NULL, NULL, 200000, '美国', '成功', FALSE, NULL, NULL, '2025-12-13T14:10:40.305972+08:00');
INSERT INTO "audit_logs" ("id", "action", "resource_type", "resource_id", "user_id", "username", "ip_address", "user_agent", "operation_details", "before_data", "after_data", "transfer_volume", "destination_country", "transfer_status", "is_anomaly", "anomaly_type", "anomaly_reason", "created_at") VALUES (13, 'VIEW', '风险评估', 1, 1, 'admin', '192.168.1.101', NULL, '{}', NULL, NULL, NULL, NULL, NULL, FALSE, NULL, NULL, '2025-12-18T14:10:40.305983+08:00');
INSERT INTO "audit_logs" ("id", "action", "resource_type", "resource_id", "user_id", "username", "ip_address", "user_agent", "operation_details", "before_data", "after_data", "transfer_volume", "destination_country", "transfer_status", "is_anomaly", "anomaly_type", "anomaly_reason", "created_at") VALUES (14, 'INTERCEPT', '审批', 3, 1, 'admin', '192.168.1.171', NULL, '{}', NULL, NULL, NULL, NULL, NULL, TRUE, '未授权传输', '传输申请未批准', '2025-12-21T14:10:40.305993+08:00');
INSERT INTO "audit_logs" ("id", "action", "resource_type", "resource_id", "user_id", "username", "ip_address", "user_agent", "operation_details", "before_data", "after_data", "transfer_volume", "destination_country", "transfer_status", "is_anomaly", "anomaly_type", "anomaly_reason", "created_at") VALUES (15, 'DESENSITIZE', '数据资产', 1, 1, 'admin', '192.168.1.164', NULL, '{''method'': ''masking''}', NULL, NULL, NULL, NULL, NULL, FALSE, NULL, NULL, '2025-12-22T14:10:40.306004+08:00');
INSERT INTO "audit_logs" ("id", "action", "resource_type", "resource_id", "user_id", "username", "ip_address", "user_agent", "operation_details", "before_data", "after_data", "transfer_volume", "destination_country", "transfer_status", "is_anomaly", "anomaly_type", "anomaly_reason", "created_at") VALUES (16, 'EXPORT', '数据资产', 1, 1, 'admin', '192.168.1.196', NULL, '{''format'': ''CSV''}', NULL, NULL, NULL, NULL, NULL, FALSE, NULL, NULL, '2025-12-22T14:10:40.306014+08:00');
INSERT INTO "audit_logs" ("id", "action", "resource_type", "resource_id", "user_id", "username", "ip_address", "user_agent", "operation_details", "before_data", "after_data", "transfer_volume", "destination_country", "transfer_status", "is_anomaly", "anomaly_type", "anomaly_reason", "created_at") VALUES (17, 'CREATE', '场景', 2, 1, 'admin', '192.168.1.145', NULL, '{''scenario_code'': ''SCEN_002''}', NULL, NULL, NULL, NULL, NULL, FALSE, NULL, NULL, '2025-12-08T14:10:40.306023+08:00');
INSERT INTO "audit_logs" ("id", "action", "resource_type", "resource_id", "user_id", "username", "ip_address", "user_agent", "operation_details", "before_data", "after_data", "transfer_volume", "destination_country", "transfer_status", "is_anomaly", "anomaly_type", "anomaly_reason", "created_at") VALUES (18, 'REJECT', '审批', 6, 1, 'admin', '192.168.1.118', NULL, '{''reason'': ''不符合合规要求''}', NULL, NULL, NULL, NULL, NULL, FALSE, NULL, NULL, '2025-12-20T14:10:40.306032+08:00');
INSERT INTO "audit_logs" ("id", "action", "resource_type", "resource_id", "user_id", "username", "ip_address", "user_agent", "operation_details", "before_data", "after_data", "transfer_volume", "destination_country", "transfer_status", "is_anomaly", "anomaly_type", "anomaly_reason", "created_at") VALUES (19, 'UPDATE', '风险评估', 2, 1, 'admin', '192.168.1.179', NULL, '{''field'': ''overall_score''}', NULL, NULL, NULL, NULL, NULL, FALSE, NULL, NULL, '2025-12-15T14:10:40.306041+08:00');
INSERT INTO "audit_logs" ("id", "action", "resource_type", "resource_id", "user_id", "username", "ip_address", "user_agent", "operation_details", "before_data", "after_data", "transfer_volume", "destination_country", "transfer_status", "is_anomaly", "anomaly_type", "anomaly_reason", "created_at") VALUES (20, 'TRANSFER', '审批', 4, 1, 'admin', '192.168.1.158', NULL, '{}', NULL, NULL, 140000, '新加坡', '成功', FALSE, NULL, NULL, '2025-12-18T14:10:40.306050+08:00');
INSERT INTO "audit_logs" ("id", "action", "resource_type", "resource_id", "user_id", "username", "ip_address", "user_agent", "operation_details", "before_data", "after_data", "transfer_volume", "destination_country", "transfer_status", "is_anomaly", "anomaly_type", "anomaly_reason", "created_at") VALUES (21, 'VIEW', '场景', 3, 1, 'admin', '192.168.1.139', NULL, '{}', NULL, NULL, NULL, NULL, NULL, FALSE, NULL, NULL, '2025-12-11T14:10:40.306060+08:00');
INSERT INTO "audit_logs" ("id", "action", "resource_type", "resource_id", "user_id", "username", "ip_address", "user_agent", "operation_details", "before_data", "after_data", "transfer_volume", "destination_country", "transfer_status", "is_anomaly", "anomaly_type", "anomaly_reason", "created_at") VALUES (22, 'DELETE', '数据资产', 20, 1, 'admin', '192.168.1.167', NULL, '{''asset_code'': ''FILE_FIN_STATEMENT''}', NULL, NULL, NULL, NULL, NULL, FALSE, NULL, NULL, '2025-12-16T14:10:40.306069+08:00');
INSERT INTO "audit_logs" ("id", "action", "resource_type", "resource_id", "user_id", "username", "ip_address", "user_agent", "operation_details", "before_data", "after_data", "transfer_volume", "destination_country", "transfer_status", "is_anomaly", "anomaly_type", "anomaly_reason", "created_at") VALUES (23, 'APPROVE', '审批', 7, 1, 'admin', '192.168.1.107', NULL, '{''approval_id'': 7}', NULL, NULL, NULL, NULL, NULL, FALSE, NULL, NULL, '2025-09-24T14:10:40.306078+08:00');
INSERT INTO "audit_logs" ("id", "action", "resource_type", "resource_id", "user_id", "username", "ip_address", "user_agent", "operation_details", "before_data", "after_data", "transfer_volume", "destination_country", "transfer_status", "is_anomaly", "anomaly_type", "anomaly_reason", "created_at") VALUES (24, 'TRANSFER', '审批', 5, 1, 'admin', '192.168.1.129', NULL, '{}', NULL, NULL, 280000, '日本', '成功', FALSE, NULL, NULL, '2025-12-20T14:10:40.306087+08:00');
INSERT INTO "audit_logs" ("id", "action", "resource_type", "resource_id", "user_id", "username", "ip_address", "user_agent", "operation_details", "before_data", "after_data", "transfer_volume", "destination_country", "transfer_status", "is_anomaly", "anomaly_type", "anomaly_reason", "created_at") VALUES (25, 'INTERCEPT', '审批', 9, 1, 'admin', '192.168.1.195', NULL, '{}', NULL, NULL, NULL, NULL, NULL, TRUE, '异常传输', '传输频率异常', '2025-12-22T14:10:40.306097+08:00');
INSERT INTO "audit_logs" ("id", "action", "resource_type", "resource_id", "user_id", "username", "ip_address", "user_agent", "operation_details", "before_data", "after_data", "transfer_volume", "destination_country", "transfer_status", "is_anomaly", "anomaly_type", "anomaly_reason", "created_at") VALUES (26, 'EXPORT', '风险评估', 3, 1, 'admin', '192.168.1.101', NULL, '{''format'': ''PDF''}', NULL, NULL, NULL, NULL, NULL, FALSE, NULL, NULL, '2025-12-19T14:10:40.306107+08:00');
INSERT INTO "audit_logs" ("id", "action", "resource_type", "resource_id", "user_id", "username", "ip_address", "user_agent", "operation_details", "before_data", "after_data", "transfer_volume", "destination_country", "transfer_status", "is_anomaly", "anomaly_type", "anomaly_reason", "created_at") VALUES (27, 'CREATE', '数据资产', 1, 1, 'admin', '192.168.1.138', NULL, '{''asset_name'': ''DWS_CUST_ALL''}', NULL, NULL, NULL, NULL, NULL, FALSE, NULL, NULL, '2025-10-24T14:11:14.710906+08:00');
INSERT INTO "audit_logs" ("id", "action", "resource_type", "resource_id", "user_id", "username", "ip_address", "user_agent", "operation_details", "before_data", "after_data", "transfer_volume", "destination_country", "transfer_status", "is_anomaly", "anomaly_type", "anomaly_reason", "created_at") VALUES (28, 'UPDATE', '数据资产', 1, 1, 'admin', '192.168.1.187', NULL, '{''field'': ''description''}', NULL, NULL, NULL, NULL, NULL, FALSE, NULL, NULL, '2025-10-29T14:11:14.710960+08:00');
INSERT INTO "audit_logs" ("id", "action", "resource_type", "resource_id", "user_id", "username", "ip_address", "user_agent", "operation_details", "before_data", "after_data", "transfer_volume", "destination_country", "transfer_status", "is_anomaly", "anomaly_type", "anomaly_reason", "created_at") VALUES (29, 'VIEW', '数据资产', 1, 1, 'admin', '192.168.1.168', NULL, '{}', NULL, NULL, NULL, NULL, NULL, FALSE, NULL, NULL, '2025-11-03T14:11:14.710983+08:00');
INSERT INTO "audit_logs" ("id", "action", "resource_type", "resource_id", "user_id", "username", "ip_address", "user_agent", "operation_details", "before_data", "after_data", "transfer_volume", "destination_country", "transfer_status", "is_anomaly", "anomaly_type", "anomaly_reason", "created_at") VALUES (30, 'APPROVE', '场景', 1, 1, 'admin', '192.168.1.114', NULL, '{''scenario_code'': ''SCEN_001''}', NULL, NULL, NULL, NULL, NULL, FALSE, NULL, NULL, '2025-11-23T14:11:14.710999+08:00');
INSERT INTO "audit_logs" ("id", "action", "resource_type", "resource_id", "user_id", "username", "ip_address", "user_agent", "operation_details", "before_data", "after_data", "transfer_volume", "destination_country", "transfer_status", "is_anomaly", "anomaly_type", "anomaly_reason", "created_at") VALUES (31, 'TRANSFER', '审批', 1, 1, 'admin', '192.168.1.166', NULL, '{}', NULL, NULL, 480000, '美国', '成功', FALSE, NULL, NULL, '2025-12-03T14:11:14.711013+08:00');
INSERT INTO "audit_logs" ("id", "action", "resource_type", "resource_id", "user_id", "username", "ip_address", "user_agent", "operation_details", "before_data", "after_data", "transfer_volume", "destination_country", "transfer_status", "is_anomaly", "anomaly_type", "anomaly_reason", "created_at") VALUES (32, 'TRANSFER', '审批', 2, 1, 'admin', '192.168.1.142', NULL, '{}', NULL, NULL, 200000, '美国', '成功', FALSE, NULL, NULL, '2025-12-13T14:11:14.711032+08:00');
INSERT INTO "audit_logs" ("id", "action", "resource_type", "resource_id", "user_id", "username", "ip_address", "user_agent", "operation_details", "before_data", "after_data", "transfer_volume", "destination_country", "transfer_status", "is_anomaly", "anomaly_type", "anomaly_reason", "created_at") VALUES (33, 'VIEW', '风险评估', 1, 1, 'admin', '192.168.1.166', NULL, '{}', NULL, NULL, NULL, NULL, NULL, FALSE, NULL, NULL, '2025-12-18T14:11:14.711048+08:00');
INSERT INTO "audit_logs" ("id", "action", "resource_type", "resource_id", "user_id", "username", "ip_address", "user_agent", "operation_details", "before_data", "after_data", "transfer_volume", "destination_country", "transfer_status", "is_anomaly", "anomaly_type", "anomaly_reason", "created_at") VALUES (34, 'INTERCEPT', '审批', 3, 1, 'admin', '192.168.1.188', NULL, '{}', NULL, NULL, NULL, NULL, NULL, TRUE, '未授权传输', '传输申请未批准', '2025-12-21T14:11:14.711061+08:00');
INSERT INTO "audit_logs" ("id", "action", "resource_type", "resource_id", "user_id", "username", "ip_address", "user_agent", "operation_details", "before_data", "after_data", "transfer_volume", "destination_country", "transfer_status", "is_anomaly", "anomaly_type", "anomaly_reason", "created_at") VALUES (35, 'DESENSITIZE', '数据资产', 1, 1, 'admin', '192.168.1.177', NULL, '{''method'': ''masking''}', NULL, NULL, NULL, NULL, NULL, FALSE, NULL, NULL, '2025-12-22T14:11:14.711078+08:00');
INSERT INTO "audit_logs" ("id", "action", "resource_type", "resource_id", "user_id", "username", "ip_address", "user_agent", "operation_details", "before_data", "after_data", "transfer_volume", "destination_country", "transfer_status", "is_anomaly", "anomaly_type", "anomaly_reason", "created_at") VALUES (36, 'EXPORT', '数据资产', 1, 1, 'admin', '192.168.1.152', NULL, '{''format'': ''CSV''}', NULL, NULL, NULL, NULL, NULL, FALSE, NULL, NULL, '2025-12-22T14:11:14.711090+08:00');
INSERT INTO "audit_logs" ("id", "action", "resource_type", "resource_id", "user_id", "username", "ip_address", "user_agent", "operation_details", "before_data", "after_data", "transfer_volume", "destination_country", "transfer_status", "is_anomaly", "anomaly_type", "anomaly_reason", "created_at") VALUES (37, 'CREATE', '场景', 2, 1, 'admin', '192.168.1.157', NULL, '{''scenario_code'': ''SCEN_002''}', NULL, NULL, NULL, NULL, NULL, FALSE, NULL, NULL, '2025-12-08T14:11:14.711102+08:00');
INSERT INTO "audit_logs" ("id", "action", "resource_type", "resource_id", "user_id", "username", "ip_address", "user_agent", "operation_details", "before_data", "after_data", "transfer_volume", "destination_country", "transfer_status", "is_anomaly", "anomaly_type", "anomaly_reason", "created_at") VALUES (38, 'REJECT', '审批', 6, 1, 'admin', '192.168.1.120', NULL, '{''reason'': ''不符合合规要求''}', NULL, NULL, NULL, NULL, NULL, FALSE, NULL, NULL, '2025-12-20T14:11:14.711115+08:00');
INSERT INTO "audit_logs" ("id", "action", "resource_type", "resource_id", "user_id", "username", "ip_address", "user_agent", "operation_details", "before_data", "after_data", "transfer_volume", "destination_country", "transfer_status", "is_anomaly", "anomaly_type", "anomaly_reason", "created_at") VALUES (39, 'UPDATE', '风险评估', 2, 1, 'admin', '192.168.1.146', NULL, '{''field'': ''overall_score''}', NULL, NULL, NULL, NULL, NULL, FALSE, NULL, NULL, '2025-12-15T14:11:14.711127+08:00');
INSERT INTO "audit_logs" ("id", "action", "resource_type", "resource_id", "user_id", "username", "ip_address", "user_agent", "operation_details", "before_data", "after_data", "transfer_volume", "destination_country", "transfer_status", "is_anomaly", "anomaly_type", "anomaly_reason", "created_at") VALUES (40, 'TRANSFER', '审批', 4, 1, 'admin', '192.168.1.162', NULL, '{}', NULL, NULL, 140000, '新加坡', '成功', FALSE, NULL, NULL, '2025-12-18T14:11:14.711140+08:00');
INSERT INTO "audit_logs" ("id", "action", "resource_type", "resource_id", "user_id", "username", "ip_address", "user_agent", "operation_details", "before_data", "after_data", "transfer_volume", "destination_country", "transfer_status", "is_anomaly", "anomaly_type", "anomaly_reason", "created_at") VALUES (41, 'VIEW', '场景', 3, 1, 'admin', '192.168.1.101', NULL, '{}', NULL, NULL, NULL, NULL, NULL, FALSE, NULL, NULL, '2025-12-11T14:11:14.711154+08:00');
INSERT INTO "audit_logs" ("id", "action", "resource_type", "resource_id", "user_id", "username", "ip_address", "user_agent", "operation_details", "before_data", "after_data", "transfer_volume", "destination_country", "transfer_status", "is_anomaly", "anomaly_type", "anomaly_reason", "created_at") VALUES (42, 'DELETE', '数据资产', 20, 1, 'admin', '192.168.1.181', NULL, '{''asset_code'': ''FILE_FIN_STATEMENT''}', NULL, NULL, NULL, NULL, NULL, FALSE, NULL, NULL, '2025-12-16T14:11:14.711171+08:00');
INSERT INTO "audit_logs" ("id", "action", "resource_type", "resource_id", "user_id", "username", "ip_address", "user_agent", "operation_details", "before_data", "after_data", "transfer_volume", "destination_country", "transfer_status", "is_anomaly", "anomaly_type", "anomaly_reason", "created_at") VALUES (43, 'APPROVE', '审批', 7, 1, 'admin', '192.168.1.109', NULL, '{''approval_id'': 7}', NULL, NULL, NULL, NULL, NULL, FALSE, NULL, NULL, '2025-09-24T14:11:14.711183+08:00');
INSERT INTO "audit_logs" ("id", "action", "resource_type", "resource_id", "user_id", "username", "ip_address", "user_agent", "operation_details", "before_data", "after_data", "transfer_volume", "destination_country", "transfer_status", "is_anomaly", "anomaly_type", "anomaly_reason", "created_at") VALUES (44, 'TRANSFER', '审批', 5, 1, 'admin', '192.168.1.137', NULL, '{}', NULL, NULL, 280000, '日本', '成功', FALSE, NULL, NULL, '2025-12-20T14:11:14.711196+08:00');
INSERT INTO "audit_logs" ("id", "action", "resource_type", "resource_id", "user_id", "username", "ip_address", "user_agent", "operation_details", "before_data", "after_data", "transfer_volume", "destination_country", "transfer_status", "is_anomaly", "anomaly_type", "anomaly_reason", "created_at") VALUES (45, 'INTERCEPT', '审批', 9, 1, 'admin', '192.168.1.138', NULL, '{}', NULL, NULL, NULL, NULL, NULL, TRUE, '异常传输', '传输频率异常', '2025-12-22T14:11:14.711210+08:00');
INSERT INTO "audit_logs" ("id", "action", "resource_type", "resource_id", "user_id", "username", "ip_address", "user_agent", "operation_details", "before_data", "after_data", "transfer_volume", "destination_country", "transfer_status", "is_anomaly", "anomaly_type", "anomaly_reason", "created_at") VALUES (46, 'EXPORT', '风险评估', 3, 1, 'admin', '192.168.1.160', NULL, '{''format'': ''PDF''}', NULL, NULL, NULL, NULL, NULL, FALSE, NULL, NULL, '2025-12-19T14:11:14.711224+08:00');
INSERT INTO "audit_logs" ("id", "action", "resource_type", "resource_id", "user_id", "username", "ip_address", "user_agent", "operation_details", "before_data", "after_data", "transfer_volume", "destination_country", "transfer_status", "is_anomaly", "anomaly_type", "anomaly_reason", "created_at") VALUES (47, 'CREATE', '数据资产', 1, 1, 'admin', '192.168.1.125', NULL, '{''asset_name'': ''DWS_CUST_ALL''}', NULL, NULL, NULL, NULL, NULL, FALSE, NULL, NULL, '2025-10-24T14:11:41.631868+08:00');
INSERT INTO "audit_logs" ("id", "action", "resource_type", "resource_id", "user_id", "username", "ip_address", "user_agent", "operation_details", "before_data", "after_data", "transfer_volume", "destination_country", "transfer_status", "is_anomaly", "anomaly_type", "anomaly_reason", "created_at") VALUES (48, 'UPDATE', '数据资产', 1, 1, 'admin', '192.168.1.110', NULL, '{''field'': ''description''}', NULL, NULL, NULL, NULL, NULL, FALSE, NULL, NULL, '2025-10-29T14:11:41.631917+08:00');
INSERT INTO "audit_logs" ("id", "action", "resource_type", "resource_id", "user_id", "username", "ip_address", "user_agent", "operation_details", "before_data", "after_data", "transfer_volume", "destination_country", "transfer_status", "is_anomaly", "anomaly_type", "anomaly_reason", "created_at") VALUES (49, 'VIEW', '数据资产', 1, 1, 'admin', '192.168.1.109', NULL, '{}', NULL, NULL, NULL, NULL, NULL, FALSE, NULL, NULL, '2025-11-03T14:11:41.631936+08:00');
INSERT INTO "audit_logs" ("id", "action", "resource_type", "resource_id", "user_id", "username", "ip_address", "user_agent", "operation_details", "before_data", "after_data", "transfer_volume", "destination_country", "transfer_status", "is_anomaly", "anomaly_type", "anomaly_reason", "created_at") VALUES (50, 'APPROVE', '场景', 1, 1, 'admin', '192.168.1.122', NULL, '{''scenario_code'': ''SCEN_001''}', NULL, NULL, NULL, NULL, NULL, FALSE, NULL, NULL, '2025-11-23T14:11:41.631950+08:00');
INSERT INTO "audit_logs" ("id", "action", "resource_type", "resource_id", "user_id", "username", "ip_address", "user_agent", "operation_details", "before_data", "after_data", "transfer_volume", "destination_country", "transfer_status", "is_anomaly", "anomaly_type", "anomaly_reason", "created_at") VALUES (51, 'TRANSFER', '审批', 1, 1, 'admin', '192.168.1.147', NULL, '{}', NULL, NULL, 480000, '美国', '成功', FALSE, NULL, NULL, '2025-12-03T14:11:41.631962+08:00');
INSERT INTO "audit_logs" ("id", "action", "resource_type", "resource_id", "user_id", "username", "ip_address", "user_agent", "operation_details", "before_data", "after_data", "transfer_volume", "destination_country", "transfer_status", "is_anomaly", "anomaly_type", "anomaly_reason", "created_at") VALUES (52, 'TRANSFER', '审批', 2, 1, 'admin', '192.168.1.145', NULL, '{}', NULL, NULL, 200000, '美国', '成功', FALSE, NULL, NULL, '2025-12-13T14:11:41.631978+08:00');
INSERT INTO "audit_logs" ("id", "action", "resource_type", "resource_id", "user_id", "username", "ip_address", "user_agent", "operation_details", "before_data", "after_data", "transfer_volume", "destination_country", "transfer_status", "is_anomaly", "anomaly_type", "anomaly_reason", "created_at") VALUES (53, 'VIEW', '风险评估', 1, 1, 'admin', '192.168.1.179', NULL, '{}', NULL, NULL, NULL, NULL, NULL, FALSE, NULL, NULL, '2025-12-18T14:11:41.631991+08:00');
INSERT INTO "audit_logs" ("id", "action", "resource_type", "resource_id", "user_id", "username", "ip_address", "user_agent", "operation_details", "before_data", "after_data", "transfer_volume", "destination_country", "transfer_status", "is_anomaly", "anomaly_type", "anomaly_reason", "created_at") VALUES (54, 'INTERCEPT', '审批', 3, 1, 'admin', '192.168.1.175', NULL, '{}', NULL, NULL, NULL, NULL, NULL, TRUE, '未授权传输', '传输申请未批准', '2025-12-21T14:11:41.632002+08:00');
INSERT INTO "audit_logs" ("id", "action", "resource_type", "resource_id", "user_id", "username", "ip_address", "user_agent", "operation_details", "before_data", "after_data", "transfer_volume", "destination_country", "transfer_status", "is_anomaly", "anomaly_type", "anomaly_reason", "created_at") VALUES (55, 'DESENSITIZE', '数据资产', 1, 1, 'admin', '192.168.1.134', NULL, '{''method'': ''masking''}', NULL, NULL, NULL, NULL, NULL, FALSE, NULL, NULL, '2025-12-22T14:11:41.632015+08:00');
INSERT INTO "audit_logs" ("id", "action", "resource_type", "resource_id", "user_id", "username", "ip_address", "user_agent", "operation_details", "before_data", "after_data", "transfer_volume", "destination_country", "transfer_status", "is_anomaly", "anomaly_type", "anomaly_reason", "created_at") VALUES (56, 'EXPORT', '数据资产', 1, 1, 'admin', '192.168.1.106', NULL, '{''format'': ''CSV''}', NULL, NULL, NULL, NULL, NULL, FALSE, NULL, NULL, '2025-12-22T14:11:41.632026+08:00');
INSERT INTO "audit_logs" ("id", "action", "resource_type", "resource_id", "user_id", "username", "ip_address", "user_agent", "operation_details", "before_data", "after_data", "transfer_volume", "destination_country", "transfer_status", "is_anomaly", "anomaly_type", "anomaly_reason", "created_at") VALUES (57, 'CREATE', '场景', 2, 1, 'admin', '192.168.1.120', NULL, '{''scenario_code'': ''SCEN_002''}', NULL, NULL, NULL, NULL, NULL, FALSE, NULL, NULL, '2025-12-08T14:11:41.632036+08:00');
INSERT INTO "audit_logs" ("id", "action", "resource_type", "resource_id", "user_id", "username", "ip_address", "user_agent", "operation_details", "before_data", "after_data", "transfer_volume", "destination_country", "transfer_status", "is_anomaly", "anomaly_type", "anomaly_reason", "created_at") VALUES (58, 'REJECT', '审批', 6, 1, 'admin', '192.168.1.146', NULL, '{''reason'': ''不符合合规要求''}', NULL, NULL, NULL, NULL, NULL, FALSE, NULL, NULL, '2025-12-20T14:11:41.632046+08:00');
INSERT INTO "audit_logs" ("id", "action", "resource_type", "resource_id", "user_id", "username", "ip_address", "user_agent", "operation_details", "before_data", "after_data", "transfer_volume", "destination_country", "transfer_status", "is_anomaly", "anomaly_type", "anomaly_reason", "created_at") VALUES (59, 'UPDATE', '风险评估', 2, 1, 'admin', '192.168.1.127', NULL, '{''field'': ''overall_score''}', NULL, NULL, NULL, NULL, NULL, FALSE, NULL, NULL, '2025-12-15T14:11:41.632057+08:00');
INSERT INTO "audit_logs" ("id", "action", "resource_type", "resource_id", "user_id", "username", "ip_address", "user_agent", "operation_details", "before_data", "after_data", "transfer_volume", "destination_country", "transfer_status", "is_anomaly", "anomaly_type", "anomaly_reason", "created_at") VALUES (60, 'TRANSFER', '审批', 4, 1, 'admin', '192.168.1.168', NULL, '{}', NULL, NULL, 140000, '新加坡', '成功', FALSE, NULL, NULL, '2025-12-18T14:11:41.632067+08:00');
INSERT INTO "audit_logs" ("id", "action", "resource_type", "resource_id", "user_id", "username", "ip_address", "user_agent", "operation_details", "before_data", "after_data", "transfer_volume", "destination_country", "transfer_status", "is_anomaly", "anomaly_type", "anomaly_reason", "created_at") VALUES (61, 'VIEW', '场景', 3, 1, 'admin', '192.168.1.186', NULL, '{}', NULL, NULL, NULL, NULL, NULL, FALSE, NULL, NULL, '2025-12-11T14:11:41.632078+08:00');
INSERT INTO "audit_logs" ("id", "action", "resource_type", "resource_id", "user_id", "username", "ip_address", "user_agent", "operation_details", "before_data", "after_data", "transfer_volume", "destination_country", "transfer_status", "is_anomaly", "anomaly_type", "anomaly_reason", "created_at") VALUES (62, 'DELETE', '数据资产', 20, 1, 'admin', '192.168.1.168', NULL, '{''asset_code'': ''FILE_FIN_STATEMENT''}', NULL, NULL, NULL, NULL, NULL, FALSE, NULL, NULL, '2025-12-16T14:11:41.632089+08:00');
INSERT INTO "audit_logs" ("id", "action", "resource_type", "resource_id", "user_id", "username", "ip_address", "user_agent", "operation_details", "before_data", "after_data", "transfer_volume", "destination_country", "transfer_status", "is_anomaly", "anomaly_type", "anomaly_reason", "created_at") VALUES (63, 'APPROVE', '审批', 7, 1, 'admin', '192.168.1.138', NULL, '{''approval_id'': 7}', NULL, NULL, NULL, NULL, NULL, FALSE, NULL, NULL, '2025-09-24T14:11:41.632099+08:00');
INSERT INTO "audit_logs" ("id", "action", "resource_type", "resource_id", "user_id", "username", "ip_address", "user_agent", "operation_details", "before_data", "after_data", "transfer_volume", "destination_country", "transfer_status", "is_anomaly", "anomaly_type", "anomaly_reason", "created_at") VALUES (64, 'TRANSFER', '审批', 5, 1, 'admin', '192.168.1.139', NULL, '{}', NULL, NULL, 280000, '日本', '成功', FALSE, NULL, NULL, '2025-12-20T14:11:41.632109+08:00');
INSERT INTO "audit_logs" ("id", "action", "resource_type", "resource_id", "user_id", "username", "ip_address", "user_agent", "operation_details", "before_data", "after_data", "transfer_volume", "destination_country", "transfer_status", "is_anomaly", "anomaly_type", "anomaly_reason", "created_at") VALUES (65, 'INTERCEPT', '审批', 9, 1, 'admin', '192.168.1.191', NULL, '{}', NULL, NULL, NULL, NULL, NULL, TRUE, '异常传输', '传输频率异常', '2025-12-22T14:11:41.632121+08:00');
INSERT INTO "audit_logs" ("id", "action", "resource_type", "resource_id", "user_id", "username", "ip_address", "user_agent", "operation_details", "before_data", "after_data", "transfer_volume", "destination_country", "transfer_status", "is_anomaly", "anomaly_type", "anomaly_reason", "created_at") VALUES (66, 'EXPORT', '风险评估', 3, 1, 'admin', '192.168.1.144', NULL, '{''format'': ''PDF''}', NULL, NULL, NULL, NULL, NULL, FALSE, NULL, NULL, '2025-12-19T14:11:41.632132+08:00');
